config,workload,total_energy,nrh,baseline_energy,normalized_energy
Baseline,450.soplex,14406696.410999998,0,14406696.410999998,1.0
CoMeT,450.soplex,14871825.437625,125,14406696.410999998,1.0322856131173737
CoMeT,450.soplex,14629436.399062501,250,14406696.410999998,1.0154608649830668
CoMeT,450.soplex,14509512.916875001,500,14406696.410999998,1.0071367163534104
CoMeT,450.soplex,14454528.102000002,1000,14406696.410999998,1.0033201012664834
Graphene,450.soplex,14433091.400437498,1000,14406696.410999998,1.0018321333832887
Graphene,450.soplex,14478470.800499998,500,14406696.410999998,1.0049820158246132
Graphene,450.soplex,14567664.62475,250,14406696.410999998,1.0111731523423437
Graphene,450.soplex,14749055.5910625,125,14406696.410999998,1.0237638921717749
Hydra,450.soplex,14505641.7110625,1000,14406696.410999998,1.006868007573683
Hydra,450.soplex,14576546.069250003,500,14406696.410999998,1.0117896326405766
Hydra,450.soplex,14710879.698937502,250,14406696.410999998,1.0211140208177947
Hydra,450.soplex,15078091.8680625,125,14406696.410999998,1.0466030127871555
REGA,450.soplex,14981047.941,1000,14406696.410999998,1.039866983631408
REGA,450.soplex,16407273.518624999,500,14406696.410999998,1.1388643899025659
REGA,450.soplex,20893725.803249996,250,14406696.410999998,1.4502787597645863
REGA,450.soplex,34878833.01562499,125,14406696.410999998,2.4210153404075223
PARA,450.soplex,14976681.742874999,1000,14406696.410999998,1.0395639163632127
PARA,450.soplex,15601187.565937502,500,14406696.410999998,1.0829122181005681
PARA,450.soplex,17066684.7894375,250,14406696.410999998,1.184635554366684
PARA,450.soplex,21624589.6528125,125,14406696.410999998,1.5010096024721806
Baseline,436.cactusADM,8252168.935875,0,8252168.935875,1.0
CoMeT,436.cactusADM,8396120.16225,125,8252168.935875,1.0174440474369342
CoMeT,436.cactusADM,8315034.953624998,250,8252168.935875,1.0076181205497015
CoMeT,436.cactusADM,8264603.360812498,500,8252168.935875,1.0015068068812116
CoMeT,436.cactusADM,8252168.935875,1000,8252168.935875,1.0
Graphene,436.cactusADM,8252772.93525,1000,8252168.935875,1.00007319280297
Graphene,436.cactusADM,8256779.7283125,500,8252168.935875,1.000558737039114
Graphene,436.cactusADM,8305541.489062499,250,8252168.935875,1.0064677000195028
Graphene,436.cactusADM,8364977.596312499,125,8252168.935875,1.0136701831135668
Hydra,436.cactusADM,8270083.444875,1000,8252168.935875,1.0021708849078597
Hydra,436.cactusADM,8342593.335375001,500,8252168.935875,1.0109576524914432
Hydra,436.cactusADM,8447757.297,250,8252168.935875,1.0237014489941803
Hydra,436.cactusADM,8498395.188375,125,8252168.935875,1.029837761976681
REGA,436.cactusADM,8447963.065875001,1000,8252168.935875,1.0237263841205209
REGA,436.cactusADM,8898741.105,500,8252168.935875,1.0783517853487135
REGA,436.cactusADM,10327083.408750001,250,8252168.935875,1.2514386810302245
REGA,436.cactusADM,15075243.959624998,125,8252168.935875,1.8268220242181128
PARA,436.cactusADM,8448111.734437501,1000,8252168.935875,1.023744399815989
PARA,436.cactusADM,8663553.1681875,500,8252168.935875,1.049851649367486
PARA,436.cactusADM,9179207.9625,250,8252168.935875,1.1123388328364006
PARA,436.cactusADM,10750510.8091875,125,8252168.935875,1.3027497246755761
Baseline,wc_8443,12450323.395499997,0,12450323.395499997,1.0
CoMeT,wc_8443,12634911.483187499,125,12450323.395499997,1.0148259673121598
CoMeT,wc_8443,12534490.532999998,250,12450323.395499997,1.00676023704978
CoMeT,wc_8443,12474620.064187499,500,12450323.395499997,1.0019514889626309
CoMeT,wc_8443,12450323.395499997,1000,12450323.395499997,1.0
Graphene,wc_8443,12451091.642249998,1000,12450323.395499997,1.0000617049634453
Graphene,wc_8443,12486623.465812499,500,12450323.395499997,1.0029155925640953
Graphene,wc_8443,12510217.937812502,250,12450323.395499997,1.004810681651382
Graphene,wc_8443,12597212.974125,125,12450323.395499997,1.0117980532680857
Hydra,wc_8443,12511724.826,1000,12450323.395499997,1.0049317137032918
Hydra,wc_8443,12588516.032062499,500,12450323.395499997,1.0110995218495649
Hydra,wc_8443,12602117.828812499,250,12450323.395499997,1.0121920072668447
Hydra,wc_8443,12656554.113562502,125,12450323.395499997,1.0165642860439308
REGA,wc_8443,12730705.225499997,1000,12450323.395499997,1.0225200439453115
REGA,wc_8443,13621966.2315,500,12450323.395499997,1.0941054138741069
REGA,wc_8443,16307042.634937499,250,12450323.395499997,1.3097685993306376
REGA,wc_8443,24684111.353250004,125,12450323.395499997,1.982608047126852
PARA,wc_8443,12690632.513812501,1000,12450323.395499997,1.019301435848595
PARA,wc_8443,12955840.5031875,500,12450323.395499997,1.0406027290720992
PARA,wc_8443,13569175.795125,250,12450323.395499997,1.089865328319857
PARA,wc_8443,15403372.7353125,125,12450323.395499997,1.2371865570078158
Baseline,ycsb_bserver,9070998.9241875,0,9070998.9241875,1.0
CoMeT,ycsb_bserver,9070968.231375,125,9070998.9241875,0.999996616380097
CoMeT,ycsb_bserver,9070998.9241875,250,9070998.9241875,1.0
CoMeT,ycsb_bserver,9070998.9241875,500,9070998.9241875,1.0
CoMeT,ycsb_bserver,9070998.9241875,1000,9070998.9241875,1.0
Graphene,ycsb_bserver,9070998.9241875,1000,9070998.9241875,1.0
Graphene,ycsb_bserver,9070998.9241875,500,9070998.9241875,1.0
Graphene,ycsb_bserver,9070998.9241875,250,9070998.9241875,1.0
Graphene,ycsb_bserver,9071244.3241875,125,9070998.9241875,1.0000270532498186
Hydra,ycsb_bserver,9070998.9241875,1000,9070998.9241875,1.0
Hydra,ycsb_bserver,9070998.9241875,500,9070998.9241875,1.0
Hydra,ycsb_bserver,9081191.1905625,250,9070998.9241875,1.0011236101404248
Hydra,ycsb_bserver,9220410.681000002,125,9070998.9241875,1.0164713674933972
REGA,ycsb_bserver,9189111.849187499,1000,9070998.9241875,1.013020939147623
REGA,ycsb_bserver,9476273.787749998,500,9070998.9241875,1.0446780852858275
REGA,ycsb_bserver,10327254.214499999,250,9070998.9241875,1.1384913944772652
REGA,ycsb_bserver,13165489.008374998,125,9070998.9241875,1.451382490330771
PARA,ycsb_bserver,9242365.7540625,1000,9070998.9241875,1.018891726402707
PARA,ycsb_bserver,9427096.214625,500,9070998.9241875,1.0392566787201327
PARA,ycsb_bserver,9853324.273124998,250,9070998.9241875,1.0862446744262593
PARA,ycsb_bserver,11019394.306499999,125,9070998.9241875,1.2147939161493198
Baseline,437.leslie3d,17917314.483,0,17917314.483,1.0
CoMeT,437.leslie3d,19377761.9255625,125,17917314.483,1.081510398444375
CoMeT,437.leslie3d,18590644.131375,250,17917314.483,1.037579830895632
CoMeT,437.leslie3d,18118907.525999997,500,17917314.483,1.011251297910257
CoMeT,437.leslie3d,17958345.054,1000,17917314.483,1.0022899955815885
Graphene,437.leslie3d,17932565.507625,1000,17917314.483,1.0008511892024594
Graphene,437.leslie3d,18045659.7781875,500,17917314.483,1.0071631993348822
Graphene,437.leslie3d,18221741.468062498,250,17917314.483,1.016990659250377
Graphene,437.leslie3d,18592181.27025,125,17917314.483,1.037665621591356
Hydra,437.leslie3d,18266149.945499998,1000,17917314.483,1.0194691823281314
Hydra,437.leslie3d,18570880.31925,500,17917314.483,1.0364767742883625
Hydra,437.leslie3d,18927265.00575,250,17917314.483,1.0563672934193484
Hydra,437.leslie3d,20012510.112375002,125,17917314.483,1.1169369232963418
REGA,437.leslie3d,18965539.413000003,1000,17917314.483,1.0585034621675342
REGA,437.leslie3d,21519301.840687495,500,17917314.483,1.2010338860271204
REGA,437.leslie3d,29251452.1130625,250,17917314.483,1.632580158193705
REGA,437.leslie3d,53612701.98150001,125,17917314.483,2.9922286641989735
PARA,437.leslie3d,19088355.807375003,1000,17917314.483,1.0653580828469629
PARA,437.leslie3d,20351072.421937503,500,17917314.483,1.135832741075492
PARA,437.leslie3d,23251570.8635625,250,17917314.483,1.2977151729754846
PARA,437.leslie3d,31991475.999937505,125,17917314.483,1.7855061945969142
Baseline,bfs_ny,111597659.04900002,0,111597659.04900002,1.0
CoMeT,bfs_ny,121390858.2106875,125,111597659.04900002,1.0877545214222415
CoMeT,bfs_ny,117786883.11975,250,111597659.04900002,1.0554601603966658
CoMeT,bfs_ny,115610432.49318752,500,111597659.04900002,1.0359575055461117
CoMeT,bfs_ny,111957037.82400002,1000,111597659.04900002,1.0032203074693726
Graphene,bfs_ny,111597659.04900002,1000,111597659.04900002,1.0
Graphene,bfs_ny,112668390.9455625,500,111597659.04900002,1.0095945730912899
Graphene,bfs_ny,113756407.4653125,250,111597659.04900002,1.0193440295675433
Graphene,bfs_ny,116988352.5841875,125,111597659.04900002,1.0483047187649388
Hydra,bfs_ny,116210203.0078125,1000,111597659.04900002,1.0413319060464092
Hydra,bfs_ny,117487560.86287498,500,111597659.04900002,1.052778005059128
Hydra,bfs_ny,118320370.10249998,250,111597659.04900002,1.0602406099804311
Hydra,bfs_ny,120652154.22918749,125,111597659.04900002,1.0811351712692454
REGA,bfs_ny,126646264.464,1000,111597659.04900002,1.1348469631284333
REGA,bfs_ny,158031515.1285,500,111597659.04900002,1.4160827070674658
REGA,bfs_ny,255729710.46074998,250,111597659.04900002,2.291532928557801
REGA,bfs_ny,575187563.346375,125,111597659.04900002,5.154118538398937
PARA,bfs_ny,123867191.19356251,1000,111597659.04900002,1.109944350527776
PARA,bfs_ny,135731057.3330625,500,111597659.04900002,1.216253624759871
PARA,bfs_ny,162919906.61662498,250,111597659.04900002,1.4598864170178563
PARA,bfs_ny,247597118.01881245,125,111597659.04900002,2.2186587077968913
Baseline,482.sphinx3,9368018.2155,0,9368018.2155,1.0
CoMeT,482.sphinx3,9388981.809750002,125,9368018.2155,1.0022377832501772
CoMeT,482.sphinx3,9372549.243562499,250,9368018.2155,1.000483669860398
CoMeT,482.sphinx3,9366453.8476875,500,9368018.2155,0.9998330097383977
CoMeT,482.sphinx3,9368018.2155,1000,9368018.2155,1.0
Graphene,482.sphinx3,9368018.2155,1000,9368018.2155,1.0
Graphene,482.sphinx3,9368018.2155,500,9368018.2155,1.0
Graphene,482.sphinx3,9373886.4898125,250,9368018.2155,1.000626415766655
Graphene,482.sphinx3,9383142.031875001,125,9368018.2155,1.0016144093688863
Hydra,482.sphinx3,9368018.2155,1000,9368018.2155,1.0
Hydra,482.sphinx3,9372000.222749999,500,9368018.2155,1.0004250639952226
Hydra,482.sphinx3,9397552.845375,250,9368018.2155,1.0031527084166139
Hydra,482.sphinx3,9425075.4710625,125,9368018.2155,1.0060906431061476
REGA,482.sphinx3,9406354.5105,1000,9368018.2155,1.0040922523972649
REGA,482.sphinx3,9512970.5581875,500,9368018.2155,1.0154731064087457
REGA,482.sphinx3,9803066.588625,250,9368018.2155,1.04643974457748
REGA,482.sphinx3,10799110.960875,125,9368018.2155,1.152763659554714
PARA,482.sphinx3,9415880.422687499,1000,9368018.2155,1.005109106972946
PARA,482.sphinx3,9455514.5000625,500,9368018.2155,1.0093398926592319
PARA,482.sphinx3,9558567.5895,250,9368018.2155,1.0203404145483752
PARA,482.sphinx3,9849882.9973125,125,9368018.2155,1.051437216573215
Baseline,grep_map0,10584076.6625625,0,10584076.6625625,1.0
CoMeT,grep_map0,10602053.0806875,125,10584076.6625625,1.0016984399015727
CoMeT,grep_map0,10591020.4183125,250,10584076.6625625,1.0006560568268141
CoMeT,grep_map0,10584076.6625625,500,10584076.6625625,1.0
CoMeT,grep_map0,10584076.6625625,1000,10584076.6625625,1.0
Graphene,grep_map0,10584076.6625625,1000,10584076.6625625,1.0
Graphene,grep_map0,10584076.6625625,500,10584076.6625625,1.0
Graphene,grep_map0,10588675.959375001,250,10584076.6625625,1.0004345487054878
Graphene,grep_map0,10596322.647,125,10584076.6625625,1.0011570196274953
Hydra,grep_map0,10584076.6625625,1000,10584076.6625625,1.0
Hydra,grep_map0,10586290.902,500,10584076.6625625,1.0002092047807374
Hydra,grep_map0,10616000.1811875,250,10584076.6625625,1.003016183616462
Hydra,grep_map0,10629516.9553125,125,10584076.6625625,1.0042932694271507
REGA,grep_map0,10614185.892562501,1000,10584076.6625625,1.0028447668096077
REGA,grep_map0,10999933.686375001,500,10584076.6625625,1.039290817429871
REGA,grep_map0,12149257.312875003,250,10584076.6625625,1.1478806985448986
REGA,grep_map0,15412013.753812501,125,10584076.6625625,1.4561509940991975
PARA,grep_map0,10613065.074187502,1000,10584076.6625625,1.0027388701489226
PARA,grep_map0,10641814.7424375,500,10584076.6625625,1.0054551834530099
PARA,grep_map0,10709523.661500001,250,10584076.6625625,1.011852427277027
PARA,grep_map0,10921819.099312501,125,10584076.6625625,1.031910429933359
Baseline,ycsb_cserver,9039857.719124999,0,9039857.719124999,1.0
CoMeT,ycsb_cserver,9039680.6263125,125,9039857.719124999,0.9999804097787818
CoMeT,ycsb_cserver,9039857.719124999,250,9039857.719124999,1.0
CoMeT,ycsb_cserver,9039857.719124999,500,9039857.719124999,1.0
CoMeT,ycsb_cserver,9039857.719124999,1000,9039857.719124999,1.0
Graphene,ycsb_cserver,9039857.719124999,1000,9039857.719124999,1.0
Graphene,ycsb_cserver,9039857.719124999,500,9039857.719124999,1.0
Graphene,ycsb_cserver,9039857.719124999,250,9039857.719124999,1.0
Graphene,ycsb_cserver,9039857.719124999,125,9039857.719124999,1.0
Hydra,ycsb_cserver,9039857.719124999,1000,9039857.719124999,1.0
Hydra,ycsb_cserver,9039857.719124999,500,9039857.719124999,1.0
Hydra,ycsb_cserver,9045579.3331875,250,9039857.719124999,1.0006329318713054
Hydra,ycsb_cserver,9170015.3565,125,9039857.719124999,1.014398195349871
REGA,ycsb_cserver,9153732.709125001,1000,9039857.719124999,1.0125969891936557
REGA,ycsb_cserver,9420247.389,500,9039857.719124999,1.0420791655902102
REGA,ycsb_cserver,10262172.769875,250,9039857.719124999,1.1352139700345099
REGA,ycsb_cserver,12988787.067374999,125,9039857.719124999,1.4368353430934564
PARA,ycsb_cserver,9207299.836875001,1000,9039857.719124999,1.018522649686815
PARA,ycsb_cserver,9389972.598749997,500,9039857.719124999,1.038730131657303
PARA,ycsb_cserver,9809074.662187498,250,9039857.719124999,1.0850917090691727
PARA,ycsb_cserver,10953145.0445625,125,9039857.719124999,1.2116501592043525
Baseline,h264_encode,5741995.3563749995,0,5741995.3563749995,1.0
CoMeT,h264_encode,5741995.3563749995,125,5741995.3563749995,1.0
CoMeT,h264_encode,5741995.3563749995,250,5741995.3563749995,1.0
CoMeT,h264_encode,5741995.3563749995,500,5741995.3563749995,1.0
CoMeT,h264_encode,5741995.3563749995,1000,5741995.3563749995,1.0
Graphene,h264_encode,5741995.3563749995,1000,5741995.3563749995,1.0
Graphene,h264_encode,5741995.3563749995,500,5741995.3563749995,1.0
Graphene,h264_encode,5741995.3563749995,250,5741995.3563749995,1.0
Graphene,h264_encode,5741995.3563749995,125,5741995.3563749995,1.0
Hydra,h264_encode,5741995.3563749995,1000,5741995.3563749995,1.0
Hydra,h264_encode,5741995.3563749995,500,5741995.3563749995,1.0
Hydra,h264_encode,5741995.3563749995,250,5741995.3563749995,1.0
Hydra,h264_encode,5741995.3563749995,125,5741995.3563749995,1.0
REGA,h264_encode,5742004.371375,1000,5741995.3563749995,1.000001570011719
REGA,h264_encode,5742799.181999999,500,5741995.3563749995,1.000139990643515
REGA,h264_encode,5744713.019062499,250,5741995.3563749995,1.0004732958699596
REGA,h264_encode,5747499.490499999,125,5741995.3563749995,1.0009585751613137
PARA,h264_encode,5741995.3563749995,1000,5741995.3563749995,1.0
PARA,h264_encode,5741995.3563749995,500,5741995.3563749995,1.0
PARA,h264_encode,5741995.3563749995,250,5741995.3563749995,1.0
PARA,h264_encode,5741995.3563749995,125,5741995.3563749995,1.0
Baseline,tpch17,13332359.548312502,0,13332359.548312502,1.0
CoMeT,tpch17,13753039.839187501,125,13332359.548312502,1.0315533262773613
CoMeT,tpch17,13475120.2723125,250,13332359.548312502,1.010707836334797
CoMeT,tpch17,13376449.853999998,500,13332359.548312502,1.0033070144506475
CoMeT,tpch17,13334693.061187502,1000,13332359.548312502,1.0001750262484703
Graphene,tpch17,13332359.548312502,1000,13332359.548312502,1.0
Graphene,tpch17,13350258.467437502,500,13332359.548312502,1.0013425169835946
Graphene,tpch17,13425339.875437498,250,13332359.548312502,1.0069740338751039
Graphene,tpch17,13567147.05,125,13332359.548312502,1.0176103487786012
Hydra,tpch17,13373361.831937501,1000,13332359.548312502,1.003075395879958
Hydra,tpch17,13617546.974999998,500,13332359.548312502,1.0213906192414075
Hydra,tpch17,13769505.975375,250,13332359.548312502,1.0327883766919435
Hydra,tpch17,13974843.895312501,125,13332359.548312502,1.0481898455162288
REGA,tpch17,13768566.148312502,1000,13332359.548312502,1.0327178845139389
REGA,tpch17,14789429.670562502,500,13332359.548312502,1.1092882409126466
REGA,tpch17,17947887.940125,250,13332359.548312502,1.346189912977309
REGA,tpch17,28100618.0420625,125,13332359.548312502,2.107700286677255
PARA,tpch17,13806273.2855625,1000,13332359.548312502,1.035546126365155
PARA,tpch17,14314977.563812502,500,13332359.548312502,1.073701733885835
PARA,tpch17,15488729.697562499,250,13332359.548312502,1.161739573661808
PARA,tpch17,18998113.6336875,125,13332359.548312502,1.4249625930686907
Baseline,473.astar,12799929.711937498,0,12799929.711937498,1.0
CoMeT,473.astar,13496211.957937498,125,12799929.711937498,1.0543973491784593
CoMeT,473.astar,12815872.4645625,250,12799929.711937498,1.001245534388375
CoMeT,473.astar,12799929.711937498,500,12799929.711937498,1.0
CoMeT,473.astar,12799929.711937498,1000,12799929.711937498,1.0
Graphene,473.astar,12799929.711937498,1000,12799929.711937498,1.0
Graphene,473.astar,12799929.711937498,500,12799929.711937498,1.0
Graphene,473.astar,12800033.269124998,250,12799929.711937498,1.0000080904497002
Graphene,473.astar,12857563.7274375,125,12799929.711937498,1.0045026821863132
Hydra,473.astar,12800701.2455625,1000,12799929.711937498,1.0000602763954463
Hydra,473.astar,12869229.282,500,12799929.711937498,1.0054140586411089
Hydra,473.astar,13210637.8396875,250,12799929.711937498,1.0320867486769842
Hydra,473.astar,14083075.049249997,125,12799929.711937498,1.1002462799554134
REGA,473.astar,13250270.7219375,1000,12799929.711937498,1.0351830846055352
REGA,473.astar,14284982.737124996,500,12799929.711937498,1.116020404690387
REGA,473.astar,17623204.428375,250,12799929.711937498,1.3768204064385765
REGA,473.astar,28284392.691187494,125,12799929.711937498,2.209730313191395
PARA,473.astar,13179607.74825,1000,12799929.711937498,1.029662509471314
PARA,473.astar,13593772.0995,500,12799929.711937498,1.0620192770919787
PARA,473.astar,14589241.4296875,250,12799929.711937498,1.1397907455758332
PARA,473.astar,17765721.7351875,125,12799929.711937498,1.3879546321741747
Baseline,505.mcf,11504856.731812498,0,11504856.731812498,1.0
CoMeT,505.mcf,11559627.272249999,125,11504856.731812498,1.0047606451531077
CoMeT,505.mcf,11524099.705125,250,11504856.731812498,1.001672595649044
CoMeT,505.mcf,11509221.634874998,500,11504856.731812498,1.000379396559579
CoMeT,505.mcf,11504856.731812498,1000,11504856.731812498,1.0
Graphene,505.mcf,11505032.224312495,1000,11504856.731812498,1.000015253775348
Graphene,505.mcf,11510655.6050625,500,11504856.731812498,1.0005040369806577
Graphene,505.mcf,11523505.301812496,250,11504856.731812498,1.0016209302240533
Graphene,505.mcf,11547636.170812497,125,11504856.731812498,1.003718380854036
Hydra,505.mcf,11519814.9073125,1000,11504856.731812498,1.0013001618228448
Hydra,505.mcf,11535116.702062503,500,11504856.731812498,1.0026301909667708
Hydra,505.mcf,11545981.107749999,250,11504856.731812498,1.003574523081525
Hydra,505.mcf,11571868.053937498,125,11504856.731812498,1.0058246116129117
REGA,505.mcf,11594364.596812496,1000,11504856.731812498,1.0077800069211202
REGA,505.mcf,11928249.924749998,500,11504856.731812498,1.0368012573130756
REGA,505.mcf,12956122.5823125,250,11504856.731812498,1.1261437568785237
REGA,505.mcf,16200415.92,125,11504856.731812498,1.4081371283141355
PARA,505.mcf,11657353.230562497,1000,11504856.731812498,1.0132549672112237
PARA,505.mcf,11823609.762749996,500,11504856.731812498,1.0277059539608262
PARA,505.mcf,12215632.330312498,250,11504856.731812498,1.0617804823709458
PARA,505.mcf,13366680.779437497,125,11504856.731812498,1.161829398750947
Baseline,520.omnetpp,13700781.505687501,0,13700781.505687501,1.0
CoMeT,520.omnetpp,15634728.693750001,125,13700781.505687501,1.141155976194473
CoMeT,520.omnetpp,13742010.026999999,250,13700781.505687501,1.0030092094597218
CoMeT,520.omnetpp,13700361.247875,500,13700781.505687501,0.9999693259970369
CoMeT,520.omnetpp,13700781.505687501,1000,13700781.505687501,1.0
Graphene,520.omnetpp,13700781.505687501,1000,13700781.505687501,1.0
Graphene,520.omnetpp,13700781.505687501,500,13700781.505687501,1.0
Graphene,520.omnetpp,13724820.370875,250,13700781.505687501,1.0017545616049361
Graphene,520.omnetpp,13925150.154374998,125,13700781.505687501,1.0163763394514653
Hydra,520.omnetpp,13745239.896562502,1000,13700781.505687501,1.003244952914295
Hydra,520.omnetpp,14107989.440062502,500,13700781.505687501,1.0297215114485228
Hydra,520.omnetpp,15561095.234625,250,13700781.505687501,1.1357815777271714
Hydra,520.omnetpp,21003692.715375,125,13700781.505687501,1.5330288061783846
REGA,520.omnetpp,14323344.7006875,1000,13700781.505687501,1.0454399768904832
REGA,520.omnetpp,15872579.043937499,500,13700781.505687501,1.158516325316803
REGA,520.omnetpp,20774825.480625007,250,13700781.505687501,1.5163241215109453
REGA,520.omnetpp,36226674.107999995,125,13700781.505687501,2.644131949185635
PARA,520.omnetpp,14353661.759624999,1000,13700781.505687501,1.0476527746732165
PARA,520.omnetpp,15060056.165624999,500,13700781.505687501,1.0992114690226416
PARA,520.omnetpp,16690992.24225,250,13700781.505687501,1.2182511074511475
PARA,520.omnetpp,21619597.2335625,125,13700781.505687501,1.577982775988926
Baseline,jp2_decode,9807515.4620625,0,9807515.4620625,1.0
CoMeT,jp2_decode,9938055.536812501,125,9807515.4620625,1.0133102084064978
CoMeT,jp2_decode,9872107.412624998,250,9807515.4620625,1.0065859646933366
CoMeT,jp2_decode,9833547.181499999,500,9807515.4620625,1.0026542623907344
CoMeT,jp2_decode,9818747.110125,1000,9807515.4620625,1.0011452082952044
Graphene,jp2_decode,9816509.6345625,1000,9807515.4620625,1.0009170694183243
Graphene,jp2_decode,9825131.416687502,500,9807515.4620625,1.0017961689372954
Graphene,jp2_decode,9853209.728625,250,9807515.4620625,1.0046591072672029
Graphene,jp2_decode,9902275.6329375,125,9807515.4620625,1.009661995562643
Hydra,jp2_decode,9839819.5869375,1000,9807515.4620625,1.0032938133006222
Hydra,jp2_decode,9851133.759,500,9807515.4620625,1.0044474359593134
Hydra,jp2_decode,9877540.51125,250,9807515.4620625,1.0071399376792596
Hydra,jp2_decode,9920941.9310625,125,9807515.4620625,1.0115652602780754
REGA,jp2_decode,9987740.0870625,1000,9807515.4620625,1.018376175464331
REGA,jp2_decode,10478489.2419375,500,9807515.4620625,1.0684142464491098
REGA,jp2_decode,11984518.5174375,250,9807515.4620625,1.2219729414443545
REGA,jp2_decode,16647920.229750002,125,9807515.4620625,1.6974656113617768
PARA,jp2_decode,9973014.585375002,1000,9807515.4620625,1.0168747246897225
PARA,jp2_decode,10151100.4273125,500,9807515.4620625,1.0350328242233273
PARA,jp2_decode,10583644.3460625,250,9807515.4620625,1.0791361366701104
PARA,jp2_decode,11932784.6188125,125,9807515.4620625,1.2166980174511046
Baseline,433.milc,22544097.385500003,0,22544097.385500003,1.0
CoMeT,433.milc,23219038.029187497,125,22544097.385500003,1.029938685596772
CoMeT,433.milc,22804873.883625,250,22544097.385500003,1.0115673958316347
CoMeT,433.milc,22592513.877187498,500,22544097.385500003,1.0021476349600333
CoMeT,433.milc,22545759.279000003,1000,22544097.385500003,1.0000737174556862
Graphene,433.milc,22550727.478125,1000,22544097.385500003,1.0002940943924976
Graphene,433.milc,22581788.4279375,500,22544097.385500003,1.0016718807496698
Graphene,433.milc,22657177.312125,250,22544097.385500003,1.005015943849574
Graphene,433.milc,22927142.027812496,125,22544097.385500003,1.0169909061233413
Hydra,433.milc,22672922.672625,1000,22544097.385500003,1.0057143688177934
Hydra,433.milc,22924355.5449375,500,22544097.385500003,1.0168673046844658
Hydra,433.milc,23231174.31825,250,22544097.385500003,1.030477021146649
Hydra,433.milc,23661258.898500003,125,22544097.385500003,1.049554501734833
REGA,433.milc,23236516.2855,1000,22544097.385500003,1.030713977506385
REGA,433.milc,25071266.823187493,500,22544097.385500003,1.1120989407769737
REGA,433.milc,31451427.561375,250,22544097.385500003,1.3951069773857545
REGA,433.milc,53194043.286749996,125,22544097.385500003,2.3595552475284967
PARA,433.milc,23373454.589249995,1000,22544097.385500003,1.0367882195311764
PARA,433.milc,24279688.1505,500,22544097.385500003,1.0769864827729276
PARA,433.milc,26428276.466250002,250,22544097.385500003,1.1722925080712365
PARA,433.milc,33097058.879812498,125,22544097.385500003,1.468103083208822
Baseline,h264_decode,64851937.59843749,0,64851937.59843749,1.0
CoMeT,h264_decode,70862259.3965625,125,64851937.59843749,1.0926775979360996
CoMeT,h264_decode,67911843.0129375,250,64851937.59843749,1.0471829451487928
CoMeT,h264_decode,66375042.591375,500,64851937.59843749,1.0234858826018207
CoMeT,h264_decode,65589397.70924999,1000,64851937.59843749,1.0113714429841534
Graphene,h264_decode,65413838.4733125,1000,64851937.59843749,1.0086643652554268
Graphene,h264_decode,65993938.47525,500,64851937.59843749,1.01760935631382
Graphene,h264_decode,67173281.43356249,250,64851937.59843749,1.0357945178060637
Graphene,h264_decode,69478808.162625,125,64851937.59843749,1.071345139953058
Hydra,h264_decode,65276452.658062495,1000,64851937.59843749,1.0065459117390385
Hydra,h264_decode,65681557.6565625,500,64851937.59843749,1.0127925253870134
Hydra,h264_decode,66512081.28056251,250,64851937.59843749,1.0255989835246653
Hydra,h264_decode,68086624.968375,125,64851937.59843749,1.0498780374144974
REGA,h264_decode,73173875.1084375,1000,64851937.59843749,1.1283221106134
REGA,h264_decode,90477809.59368752,500,64851937.59843749,1.3951442770133586
REGA,h264_decode,144339704.59800002,250,64851937.59843749,2.2256806803792037
REGA,h264_decode,320283526.536375,125,64851937.59843749,4.938688625150527
PARA,h264_decode,71571205.17825,1000,64851937.59843749,1.1036093573860222
PARA,h264_decode,78038091.09581251,500,64851937.59843749,1.2033270552226758
PARA,h264_decode,92899661.9731875,250,64851937.59843749,1.4324886104162566
PARA,h264_decode,139356301.4645625,125,64851937.59843749,2.148837900996193
Baseline,434.zeusmp,32237067.058125,0,32237067.058125,1.0
CoMeT,434.zeusmp,33730776.91125,125,32237067.058125,1.0463351659886357
CoMeT,434.zeusmp,32900489.8479375,250,32237067.058125,1.0205795021183632
CoMeT,434.zeusmp,32356162.60875,500,32237067.058125,1.003694366811046
CoMeT,434.zeusmp,32241035.453625,1000,32237067.058125,1.0001231003891529
Graphene,434.zeusmp,32237067.058125,1000,32237067.058125,1.0
Graphene,434.zeusmp,32246026.029375,500,32237067.058125,1.0002779090056129
Graphene,434.zeusmp,32588856.750937503,250,32237067.058125,1.0109125837092503
Graphene,434.zeusmp,33129519.067499988,125,32237067.058125,1.0276840324141725
Hydra,434.zeusmp,32579290.173375003,1000,32237067.058125,1.0106158266393452
Hydra,434.zeusmp,33144801.052125,500,32237067.058125,1.0281580825068022
Hydra,434.zeusmp,33698249.496375,250,32237067.058125,1.0453261593436964
Hydra,434.zeusmp,34089423.8971875,125,32237067.058125,1.0574604642451688
REGA,434.zeusmp,33616067.398125,1000,32237067.058125,1.0427768549016445
REGA,434.zeusmp,36977259.72375,500,32237067.058125,1.1470416851842695
REGA,434.zeusmp,48242287.20074999,250,32237067.058125,1.496484997030493
REGA,434.zeusmp,82286963.287125,125,32237067.058125,2.5525573756060873
PARA,434.zeusmp,33827766.0705,1000,32237067.058125,1.0493437883014263
PARA,434.zeusmp,35637429.720750004,500,32237067.058125,1.1054799016453323
PARA,434.zeusmp,39998569.44112501,250,32237067.058125,1.2407632918033655
PARA,434.zeusmp,53683579.12912501,125,32237067.058125,1.6652749157462403
Baseline,549.fotonik3d,24761398.992000006,0,24761398.992000006,1.0
CoMeT,549.fotonik3d,25780915.506375004,125,24761398.992000006,1.041173623295856
CoMeT,549.fotonik3d,25334261.612812504,250,24761398.992000006,1.0231353091558995
CoMeT,549.fotonik3d,24782247.635812506,500,24761398.992000006,1.000841981659406
CoMeT,549.fotonik3d,24761398.992000006,1000,24761398.992000006,1.0
Graphene,549.fotonik3d,24761398.992000006,1000,24761398.992000006,1.0
Graphene,549.fotonik3d,24761398.992000006,500,24761398.992000006,1.0
Graphene,549.fotonik3d,24918960.925125003,250,24761398.992000006,1.0063632080390894
Graphene,549.fotonik3d,25337377.0910625,125,24761398.992000006,1.023261129116678
Hydra,549.fotonik3d,24847556.058187496,1000,24761398.992000006,1.0034794910503775
Hydra,549.fotonik3d,25278053.850187495,500,24761398.992000006,1.020865333915681
Hydra,549.fotonik3d,26154413.9934375,250,24761398.992000006,1.0562575241361585
Hydra,549.fotonik3d,26366801.477625005,125,24761398.992000006,1.0648348861929682
REGA,549.fotonik3d,25757455.992000002,1000,24761398.992000006,1.0402262004792946
REGA,549.fotonik3d,28133101.362000007,500,24761398.992000006,1.1361676846727982
REGA,549.fotonik3d,36029307.613125004,250,24761398.992000006,1.4550594505894223
REGA,549.fotonik3d,61793915.87906249,125,24761398.992000006,2.495574498800616
PARA,549.fotonik3d,25703449.287375003,1000,24761398.992000006,1.038045115935467
PARA,549.fotonik3d,26775833.171812505,500,24761398.992000006,1.0813538112472292
PARA,549.fotonik3d,29357627.75925,250,24761398.992000006,1.1856207223483195
PARA,549.fotonik3d,37871600.296500005,125,24761398.992000006,1.529461251714238
Baseline,483.xalancbmk,6382373.677312501,0,6382373.677312501,1.0
CoMeT,483.xalancbmk,6388985.9745000005,125,6382373.677312501,1.0010360247647367
CoMeT,483.xalancbmk,6382373.677312501,250,6382373.677312501,1.0
CoMeT,483.xalancbmk,6382373.677312501,500,6382373.677312501,1.0
CoMeT,483.xalancbmk,6382373.677312501,1000,6382373.677312501,1.0
Graphene,483.xalancbmk,6382373.677312501,1000,6382373.677312501,1.0
Graphene,483.xalancbmk,6382373.677312501,500,6382373.677312501,1.0
Graphene,483.xalancbmk,6382373.677312501,250,6382373.677312501,1.0
Graphene,483.xalancbmk,6381156.6279375,125,6382373.677312501,0.9998093108557202
Hydra,483.xalancbmk,6382373.677312501,1000,6382373.677312501,1.0
Hydra,483.xalancbmk,6382373.677312501,500,6382373.677312501,1.0
Hydra,483.xalancbmk,6382373.677312501,250,6382373.677312501,1.0
Hydra,483.xalancbmk,6389341.554374999,125,6382373.677312501,1.0010917375595332
REGA,483.xalancbmk,6396721.282312501,1000,6382373.677312501,1.0022480045395967
REGA,483.xalancbmk,6454378.14675,500,6382373.677312501,1.0112817696170713
REGA,483.xalancbmk,6618491.103375,250,6382373.677312501,1.0369952368821382
REGA,483.xalancbmk,7058863.602562501,125,6382373.677312501,1.105993468802168
PARA,483.xalancbmk,6404028.439125001,1000,6382373.677312501,1.0033929009655886
PARA,483.xalancbmk,6421893.1160625005,500,6382373.677312501,1.0061919656773592
PARA,483.xalancbmk,6438568.348687501,250,6382373.677312501,1.0088046664479637
PARA,483.xalancbmk,6525050.194312501,125,6382373.677312501,1.022354773351359
Baseline,462.libquantum,18426943.615125,0,18426943.615125,1.0
CoMeT,462.libquantum,18817250.289,125,18426943.615125,1.021181302880562
CoMeT,462.libquantum,18623749.551,250,18426943.615125,1.0106803352734774
CoMeT,462.libquantum,18514291.6095,500,18426943.615125,1.004740232357541
CoMeT,462.libquantum,18450696.857625,1000,18426943.615125,1.0012890495025177
Graphene,462.libquantum,18449009.943375,1000,18426943.615125,1.0011975034336071
Graphene,462.libquantum,18489833.698875003,500,18426943.615125,1.0034129416719104
Graphene,462.libquantum,18562315.962000005,250,18426943.615125,1.0073464351822237
Graphene,462.libquantum,18719866.958062503,125,18426943.615125,1.0158964692710661
Hydra,462.libquantum,18598349.4151875,1000,18426943.615125,1.0093019115726718
Hydra,462.libquantum,18636923.905500002,500,18426943.615125,1.0113952858792408
Hydra,462.libquantum,18688649.5295625,250,18426943.615125,1.014202350639565
Hydra,462.libquantum,18790464.127312496,125,18426943.615125,1.0197276618293396
REGA,462.libquantum,19018618.195125,1000,18426943.615125,1.0321092087954482
REGA,462.libquantum,20307501.969562497,500,18426943.615125,1.102054816778943
REGA,462.libquantum,24213109.133812495,250,18426943.615125,1.3140057103087979
REGA,462.libquantum,36873774.79256249,125,18426943.615125,2.0010792653805143
PARA,462.libquantum,18987721.6929375,1000,18426943.615125,1.0304325063084367
PARA,462.libquantum,19591097.553375002,500,18426943.615125,1.0631767243969017
PARA,462.libquantum,20978769.178125,250,18426943.615125,1.1384833869522148
PARA,462.libquantum,25133194.318499997,125,18426943.615125,1.363937223852492
Baseline,wc_map0,12361880.698125001,0,12361880.698125001,1.0
CoMeT,wc_map0,12546332.646374999,125,12361880.698125001,1.0149210263999695
CoMeT,wc_map0,12445236.5086875,250,12361880.698125001,1.006742971607479
CoMeT,wc_map0,12391032.858374998,500,12361880.698125001,1.0023582301885843
CoMeT,wc_map0,12365827.677562498,1000,12361880.698125001,1.000319286323326
Graphene,wc_map0,12364205.8164375,1000,12361880.698125001,1.0001880877488853
Graphene,wc_map0,12394846.763625,500,12361880.698125001,1.0026667516298713
Graphene,wc_map0,12424324.363875,250,12361880.698125001,1.005051307909764
Graphene,wc_map0,12506378.914125001,125,12361880.698125001,1.011689015573651
Hydra,wc_map0,12419981.943374999,1000,12361880.698125001,1.004700032840376
Hydra,wc_map0,12494436.785625,500,12361880.698125001,1.0107229709408296
Hydra,wc_map0,12512423.776874999,250,12361880.698125001,1.012178007734117
Hydra,wc_map0,12565735.881937498,125,12361880.698125001,1.0164906286341542
REGA,wc_map0,12642873.028125001,1000,12361880.698125001,1.0227305486003129
REGA,wc_map0,13527261.765,500,12361880.698125001,1.0942721496294459
REGA,wc_map0,16201903.373250002,250,12361880.698125001,1.3106341800974863
REGA,wc_map0,24553130.0300625,125,12361880.698125001,1.986196973554891
PARA,wc_map0,12600128.818874998,1000,12361880.698125001,1.0192728053738727
PARA,wc_map0,12865591.297312496,500,12361880.698125001,1.040747084645777
PARA,wc_map0,13467344.37975,250,12361880.698125001,1.0894252022503883
PARA,wc_map0,15310552.229249999,125,12361880.698125001,1.2385293632199703
Baseline,ycsb_abgsave,6812918.392312501,0,6812918.392312501,1.0
CoMeT,ycsb_abgsave,6812918.392312501,125,6812918.392312501,1.0
CoMeT,ycsb_abgsave,6812918.392312501,250,6812918.392312501,1.0
CoMeT,ycsb_abgsave,6812918.392312501,500,6812918.392312501,1.0
CoMeT,ycsb_abgsave,6812918.392312501,1000,6812918.392312501,1.0
Graphene,ycsb_abgsave,6812918.392312501,1000,6812918.392312501,1.0
Graphene,ycsb_abgsave,6812918.392312501,500,6812918.392312501,1.0
Graphene,ycsb_abgsave,6812918.392312501,250,6812918.392312501,1.0
Graphene,ycsb_abgsave,6812918.392312501,125,6812918.392312501,1.0
Hydra,ycsb_abgsave,6812918.392312501,1000,6812918.392312501,1.0
Hydra,ycsb_abgsave,6812918.392312501,500,6812918.392312501,1.0
Hydra,ycsb_abgsave,6812918.392312501,250,6812918.392312501,1.0
Hydra,ycsb_abgsave,6812918.392312501,125,6812918.392312501,1.0
REGA,ycsb_abgsave,6839052.5623125015,1000,6812918.392312501,1.0038359728526163
REGA,ycsb_abgsave,6910500.841312501,500,6812918.392312501,1.0143231495492606
REGA,ycsb_abgsave,7124784.916687499,250,6812918.392312501,1.0457757610493177
REGA,ycsb_abgsave,7833737.315437501,125,6812918.392312501,1.1498357773192855
PARA,ycsb_abgsave,6837984.0495,1000,6812918.392312501,1.0036791365673456
PARA,ycsb_abgsave,6859034.2918125,500,6812918.392312501,1.0067688906345973
PARA,ycsb_abgsave,6915696.381,250,6812918.392312501,1.0150857507413373
PARA,ycsb_abgsave,7086669.588562502,125,6812918.392312501,1.0401811940913448
Baseline,510.parest,8115143.917875,0,8115143.917875,1.0
CoMeT,510.parest,8115143.917875,125,8115143.917875,1.0
CoMeT,510.parest,8115143.917875,250,8115143.917875,1.0
CoMeT,510.parest,8115143.917875,500,8115143.917875,1.0
CoMeT,510.parest,8115143.917875,1000,8115143.917875,1.0
Graphene,510.parest,8115143.917875,1000,8115143.917875,1.0
Graphene,510.parest,8115143.917875,500,8115143.917875,1.0
Graphene,510.parest,8115143.917875,250,8115143.917875,1.0
Graphene,510.parest,8115143.917875,125,8115143.917875,1.0
Hydra,510.parest,8115143.917875,1000,8115143.917875,1.0
Hydra,510.parest,8115143.917875,500,8115143.917875,1.0
Hydra,510.parest,8115143.917875,250,8115143.917875,1.0
Hydra,510.parest,8115143.917875,125,8115143.917875,1.0
REGA,510.parest,8117099.647875,1000,8115143.917875,1.0002409975743858
REGA,510.parest,8124637.470562499,500,8115143.917875,1.001169856355423
REGA,510.parest,8148110.391937501,250,8115143.917875,1.004062340039329
REGA,510.parest,8217573.894000001,125,8115143.917875,1.012622077582553
PARA,510.parest,8116258.825874999,1000,8115143.917875,1.0001373861032266
PARA,510.parest,8118812.1410625,500,8115143.917875,1.000452021951135
PARA,510.parest,8123939.422687502,250,8115143.917875,1.0010838384262204
PARA,510.parest,8135509.161375,125,8115143.917875,1.002509535715706
Baseline,tpcc64,6955596.295875002,0,6955596.295875002,1.0
CoMeT,tpcc64,7014205.554375001,125,6955596.295875002,1.008426201867805
CoMeT,tpcc64,6952883.4800625,250,6955596.295875002,0.9996099808417417
CoMeT,tpcc64,6955596.295875002,500,6955596.295875002,1.0
CoMeT,tpcc64,6955596.295875002,1000,6955596.295875002,1.0
Graphene,tpcc64,6955596.295875002,1000,6955596.295875002,1.0
Graphene,tpcc64,6955596.295875002,500,6955596.295875002,1.0
Graphene,tpcc64,6958975.247437499,250,6955596.295875002,1.000485788912807
Graphene,tpcc64,6998838.054374999,125,6955596.295875002,1.0062168298245893
Hydra,tpcc64,6955596.295875002,1000,6955596.295875002,1.0
Hydra,tpcc64,6961775.3956875,500,6955596.295875002,1.0008883637792727
Hydra,tpcc64,7036912.948500001,250,6955596.295875002,1.0116908240740228
Hydra,tpcc64,7215992.0994375,125,6955596.295875002,1.0374368770822604
REGA,tpcc64,7073909.755875001,1000,6955596.295875002,1.0170098227336979
REGA,tpcc64,7358571.273937501,500,6955596.295875002,1.0579353603804584
REGA,tpcc64,8278243.2976875,250,6955596.295875002,1.1901558034063724
REGA,tpcc64,11237522.079937497,125,6955596.295875002,1.6156087274072937
PARA,tpcc64,7085212.2795,1000,6955596.295875002,1.0186347766764248
PARA,tpcc64,7220690.10675,500,6955596.295875002,1.03811230548734
PARA,tpcc64,7536439.076625001,250,6955596.295875002,1.0835072589095585
PARA,tpcc64,8517914.615437502,125,6955596.295875002,1.2246131392773656
Baseline,tpch6,5299971.714749999,0,5299971.714749999,1.0
CoMeT,tpch6,5316607.602375,125,5299971.714749999,1.0031388634733092
CoMeT,tpch6,5305734.051750001,250,5299971.714749999,1.0010872391986478
CoMeT,tpch6,5299981.189125001,500,5299971.714749999,1.0000017876274652
CoMeT,tpch6,5299971.714749999,1000,5299971.714749999,1.0
Graphene,tpch6,5299971.714749999,1000,5299971.714749999,1.0
Graphene,tpch6,5299971.714749999,500,5299971.714749999,1.0
Graphene,tpch6,5301624.6044999985,250,5299971.714749999,1.0003118676549536
Graphene,tpch6,5310950.865937498,125,5299971.714749999,1.0020715490154304
Hydra,tpch6,5299971.714749999,1000,5299971.714749999,1.0
Hydra,tpch6,5299984.821000001,500,5299971.714749999,1.0000024728905563
Hydra,tpch6,5342487.9669375,250,5299971.714749999,1.0080219771870058
Hydra,tpch6,5364952.9183125,125,5299971.714749999,1.0122606698789838
REGA,tpch6,5347148.739749999,1000,5299971.714749999,1.008901372976898
REGA,tpch6,5449239.053249999,500,5299971.714749999,1.0281637990792636
REGA,tpch6,5809585.328812499,250,5299971.714749999,1.096154025245876
REGA,tpch6,6926881.986374998,125,5299971.714749999,1.306965840420856
PARA,tpch6,5346123.5353125,1000,5299971.714749999,1.0087079371450338
PARA,tpch6,5392153.568625,500,5299971.714749999,1.0173928954410183
PARA,tpch6,5506585.687312501,250,5299971.714749999,1.0389839764592492
PARA,tpch6,5833951.8811874995,125,5299971.714749999,1.1007515124941922
Baseline,471.omnetpp,6387883.286812499,0,6387883.286812499,1.0
CoMeT,471.omnetpp,6387675.158999999,125,6387883.286812499,0.9999674183445195
CoMeT,471.omnetpp,6387883.286812499,250,6387883.286812499,1.0
CoMeT,471.omnetpp,6387883.286812499,500,6387883.286812499,1.0
CoMeT,471.omnetpp,6387883.286812499,1000,6387883.286812499,1.0
Graphene,471.omnetpp,6387883.286812499,1000,6387883.286812499,1.0
Graphene,471.omnetpp,6387883.286812499,500,6387883.286812499,1.0
Graphene,471.omnetpp,6387883.286812499,250,6387883.286812499,1.0
Graphene,471.omnetpp,6388017.4130625,125,6387883.286812499,1.0000209969788079
Hydra,471.omnetpp,6387883.286812499,1000,6387883.286812499,1.0
Hydra,471.omnetpp,6387883.286812499,500,6387883.286812499,1.0
Hydra,471.omnetpp,6387883.286812499,250,6387883.286812499,1.0
Hydra,471.omnetpp,6387883.286812499,125,6387883.286812499,1.0
REGA,471.omnetpp,6390906.791812499,1000,6387883.286812499,1.0004733187605732
REGA,471.omnetpp,6404040.447187498,500,6387883.286812499,1.0025293449566235
REGA,471.omnetpp,6433507.257374998,250,6387883.286812499,1.0071422674012669
REGA,471.omnetpp,6540289.6798125,125,6387883.286812499,1.0238586690077192
PARA,471.omnetpp,6387200.781374999,1000,6387883.286812499,0.9998931562449006
PARA,471.omnetpp,6386639.9868749995,500,6387883.286812499,0.9998053658963891
PARA,471.omnetpp,6393696.774937499,250,6387883.286812499,1.0009100805171256
PARA,471.omnetpp,6412153.281937499,125,6387883.286812499,1.0037993798626696
Baseline,jp2_encode,7693050.951374998,0,7693050.951374998,1.0
CoMeT,jp2_encode,7814130.577687499,125,7693050.951374998,1.015738830676906
CoMeT,jp2_encode,7751352.782062501,250,7693050.951374998,1.0075785057262727
CoMeT,jp2_encode,7717307.7586875,500,7693050.951374998,1.0031530802884083
CoMeT,jp2_encode,7701768.861562499,1000,7693050.951374998,1.001133218828603
Graphene,jp2_encode,7701484.5121875,1000,7693050.951374998,1.0010962569812427
Graphene,jp2_encode,7712953.3663125,500,7693050.951374998,1.0025870639702372
Graphene,jp2_encode,7736367.049875,250,7693050.951374998,1.0056305487606656
Graphene,jp2_encode,7784716.0168125015,125,7693050.951374998,1.0119153072060598
Hydra,jp2_encode,7731488.85075,1000,7693050.951374998,1.0049964441439363
Hydra,jp2_encode,7742290.1379375,500,7693050.951374998,1.0064004758156062
Hydra,jp2_encode,7765169.949937498,250,7693050.951374998,1.0093745640082639
Hydra,jp2_encode,7795559.185875,125,7693050.951374998,1.0133247829954488
REGA,jp2_encode,7872802.821374998,1000,7693050.951374998,1.023365485440841
REGA,jp2_encode,8259598.644374999,500,7693050.951374998,1.0736440843276542
REGA,jp2_encode,9475151.471437499,250,7693050.951374998,1.2316506846667876
REGA,jp2_encode,13319979.107250001,125,7693050.951374998,1.7314299868076772
PARA,jp2_encode,7861077.67125,1000,7693050.951374998,1.0218413631908898
PARA,jp2_encode,8038969.230750001,500,7693050.951374998,1.044965031631979
PARA,jp2_encode,8471202.4498125,250,7693050.951374998,1.101149921319372
PARA,jp2_encode,9827050.677749999,125,7693050.951374998,1.2773931616810084
Baseline,tpch2,12615507.253124999,0,12615507.253124999,1.0
CoMeT,tpch2,13580283.540562501,125,12615507.253124999,1.0764754256867886
CoMeT,tpch2,12904507.7536875,250,12615507.253124999,1.0229083535654828
CoMeT,tpch2,12675291.140999999,500,12615507.253124999,1.0047389206534039
CoMeT,tpch2,12615031.4071875,1000,12615507.253124999,0.9999622808716326
Graphene,tpch2,12615507.253124999,1000,12615507.253124999,1.0
Graphene,tpch2,12641075.4298125,500,12615507.253124999,1.002026726010654
Graphene,tpch2,12745171.038562499,250,12615507.253124999,1.0102781269778416
Graphene,tpch2,12929872.456125002,125,12615507.253124999,1.024918950676528
Hydra,tpch2,12683965.232250001,1000,12615507.253124999,1.0054264943732678
Hydra,tpch2,12982016.94075,500,12615507.253124999,1.0290523147639752
Hydra,tpch2,13281240.064125,250,12615507.253124999,1.0527709903091762
Hydra,tpch2,13519078.627875,125,12615507.253124999,1.0716238639176539
REGA,tpch2,13198186.438125001,1000,12615507.253124999,1.046187535174669
REGA,tpch2,14608260.4246875,500,12615507.253124999,1.1579606060682874
REGA,tpch2,18990126.693562504,250,12615507.253124999,1.5053002873791255
REGA,tpch2,32988876.406125005,125,12615507.253124999,2.614946489603365
PARA,tpch2,13226766.482624998,1000,12615507.253124999,1.0484530044837146
PARA,tpch2,13875438.4775625,500,12615507.253124999,1.0998716261785988
PARA,tpch2,15391120.896187501,250,12615507.253124999,1.2200160157947635
PARA,tpch2,20048706.616875,125,12615507.253124999,1.5892112948457715
Baseline,bfs_cm2003,111694363.71074997,0,111694363.71074997,1.0
CoMeT,bfs_cm2003,121468276.16362502,125,111694363.71074997,1.0875058698412583
CoMeT,bfs_cm2003,117902555.24831249,250,111694363.71074997,1.0555819589396616
CoMeT,bfs_cm2003,115735257.481125,500,111694363.71074997,1.0361781350117143
CoMeT,bfs_cm2003,112051205.99100001,1000,111694363.71074997,1.003194810090634
Graphene,bfs_cm2003,111694363.71074997,1000,111694363.71074997,1.0
Graphene,bfs_cm2003,112768070.94206253,500,111694363.71074997,1.0096129043189064
Graphene,bfs_cm2003,113856350.43318748,250,111694363.71074997,1.019356274127102
Graphene,bfs_cm2003,117102179.240625,125,111694363.71074997,1.0484161899509934
Hydra,bfs_cm2003,116318828.19712496,1000,111694363.71074997,1.0414028455218274
Hydra,bfs_cm2003,117574012.80956249,500,111694363.71074997,1.0526405174216202
Hydra,bfs_cm2003,118428284.14518748,250,111694363.71074997,1.0602888114558409
Hydra,bfs_cm2003,120766416.5300625,125,111694363.71074997,1.0812221182691548
REGA,bfs_cm2003,126759353.26574998,1000,111694363.71074997,1.1348769002705736
REGA,bfs_cm2003,158191532.66418752,500,111694363.71074997,1.4162893042109919
REGA,bfs_cm2003,255976253.27212504,250,111694363.71074997,2.291756224468189
REGA,bfs_cm2003,575765032.9940627,125,111694363.71074997,5.154826204884396
PARA,bfs_cm2003,123986391.97781251,1000,111694363.71074997,1.1100505688800437
PARA,bfs_cm2003,135877201.9395,500,111694363.71074997,1.2165090289728073
PARA,bfs_cm2003,163113456.13518748,250,111694363.71074997,1.460355300985422
PARA,bfs_cm2003,247854301.61587504,125,111694363.71074997,2.2190403649886266
Baseline,557.xz,6627950.0139375,0,6627950.0139375,1.0
CoMeT,557.xz,6651297.246375,125,6627950.0139375,1.0035225420210478
CoMeT,557.xz,6626242.784437501,250,6627950.0139375,0.9997424196778175
CoMeT,557.xz,6627950.0139375,500,6627950.0139375,1.0
CoMeT,557.xz,6627950.0139375,1000,6627950.0139375,1.0
Graphene,557.xz,6627950.0139375,1000,6627950.0139375,1.0
Graphene,557.xz,6627950.0139375,500,6627950.0139375,1.0
Graphene,557.xz,6627573.7426875,250,6627950.0139375,0.9999432296186288
Graphene,557.xz,6644331.963375,125,6627950.0139375,1.0024716464974919
Hydra,557.xz,6627950.0139375,1000,6627950.0139375,1.0
Hydra,557.xz,6630364.101,500,6627950.0139375,1.0003642283145502
Hydra,557.xz,6681221.330812498,250,6627950.0139375,1.0080373745672457
Hydra,557.xz,6890281.298437499,125,6627950.0139375,1.0395795508337207
REGA,557.xz,6770018.4939375,1000,6627950.0139375,1.0214347542907314
REGA,557.xz,7133640.928500001,500,6627950.0139375,1.0762967302860034
REGA,557.xz,8260807.668000001,250,6627950.0139375,1.2463593796918908
REGA,557.xz,11802803.650499998,125,6627950.0139375,1.7807623210314836
PARA,557.xz,6753256.2110625,1000,6627950.0139375,1.0189057245244006
PARA,557.xz,6894361.301812501,500,6627950.0139375,1.0401951262931646
PARA,557.xz,7218894.492187501,250,6627950.0139375,1.0891594651449303
PARA,557.xz,8224911.374437501,125,6627950.0139375,1.240943482847917
Baseline,429.mcf,40492873.777125,0,40492873.777125,1.0
CoMeT,429.mcf,43915210.8043125,125,40492873.777125,1.0845170201064076
CoMeT,429.mcf,42226248.87168749,250,40492873.777125,1.0428069171899994
CoMeT,429.mcf,41354441.828999996,500,40492873.777125,1.0212770290549669
CoMeT,429.mcf,40904989.28025,1000,40492873.777125,1.0101774822254725
Graphene,429.mcf,40767875.455312505,1000,40492873.777125,1.0067913598748544
Graphene,429.mcf,41108660.0979375,500,40492873.777125,1.0152072763272328
Graphene,429.mcf,41771967.6286875,250,40492873.777125,1.0315881223595713
Graphene,429.mcf,43090628.820562504,125,40492873.777125,1.0641533880192275
Hydra,429.mcf,41169774.72,1000,40492873.777125,1.0167165449061655
Hydra,429.mcf,42596238.159937486,500,40492873.777125,1.0519440629081926
Hydra,429.mcf,50933656.44225,250,40492873.777125,1.2578424718035979
Hydra,429.mcf,62961510.987,125,40492873.777125,1.5548787999968492
REGA,429.mcf,43970925.757125,1000,40492873.777125,1.0858929400551658
REGA,429.mcf,54534812.811937496,500,40492873.777125,1.346775561351859
REGA,429.mcf,84888676.8676875,250,40492873.777125,2.0963855846566837
REGA,429.mcf,173547665.07656252,125,40492873.777125,4.2858816598638665
PARA,429.mcf,44434561.36143751,1000,40492873.777125,1.0973427474179227
PARA,429.mcf,48445406.07712501,500,40492873.777125,1.1963933788392296
PARA,429.mcf,57446347.744687505,250,40492873.777125,1.4186779644456788
PARA,429.mcf,84215844.45468749,125,40492873.777125,2.0797695149575235
Baseline,ycsb_dserver,7253783.692125001,0,7253783.692125001,1.0
CoMeT,ycsb_dserver,7250177.906062499,125,7253783.692125001,0.9995029096240605
CoMeT,ycsb_dserver,7253783.692125001,250,7253783.692125001,1.0
CoMeT,ycsb_dserver,7253783.692125001,500,7253783.692125001,1.0
CoMeT,ycsb_dserver,7253783.692125001,1000,7253783.692125001,1.0
Graphene,ycsb_dserver,7253783.692125001,1000,7253783.692125001,1.0
Graphene,ycsb_dserver,7253783.692125001,500,7253783.692125001,1.0
Graphene,ycsb_dserver,7253783.692125001,250,7253783.692125001,1.0
Graphene,ycsb_dserver,7255195.568062499,125,7253783.692125001,1.0001946399282668
Hydra,ycsb_dserver,7253783.692125001,1000,7253783.692125001,1.0
Hydra,ycsb_dserver,7253783.692125001,500,7253783.692125001,1.0
Hydra,ycsb_dserver,7253783.692125001,250,7253783.692125001,1.0
Hydra,ycsb_dserver,7290761.418749999,125,7253783.692125001,1.0050977156466827
REGA,ycsb_dserver,7327547.182125,1000,7253783.692125001,1.0101689674149066
REGA,ycsb_dserver,7524023.615999999,500,7253783.692125001,1.0372550292847003
REGA,ycsb_dserver,8077762.279499999,250,7253783.692125001,1.1135929360934131
REGA,ycsb_dserver,9909432.281625,125,7253783.692125001,1.3661052910059999
PARA,ycsb_dserver,7346617.788375,1000,7253783.692125001,1.0127980237887135
PARA,ycsb_dserver,7446925.998749999,500,7253783.692125001,1.0266264221298302
PARA,ycsb_dserver,7682344.8095625,250,7253783.692125001,1.0590810445454504
PARA,ycsb_dserver,8309517.008625,125,7253783.692125001,1.1455424315514322
Baseline,519.lbm,28649407.116375,0,28649407.116375,1.0
CoMeT,519.lbm,30519587.196750004,125,28649407.116375,1.065278142503203
CoMeT,519.lbm,29582901.276375003,250,28649407.116375,1.032583367474521
CoMeT,519.lbm,29097417.422437496,500,28649407.116375,1.0156376815842179
CoMeT,519.lbm,28811227.196812496,1000,28649407.116375,1.005648287232618
Graphene,519.lbm,28745095.419,1000,28649407.116375,1.0033399749682885
Graphene,519.lbm,28914660.229124997,500,28649407.116375,1.0092585899482154
Graphene,519.lbm,29266441.324124996,250,28649407.116375,1.0215374162977817
Graphene,519.lbm,29979604.211625002,125,28649407.116375,1.0464301788112644
Hydra,519.lbm,29328734.967374995,1000,28649407.116375,1.0237117594873968
Hydra,519.lbm,29588249.565187495,500,28649407.116375,1.032770048085075
Hydra,519.lbm,29900591.781000003,250,28649407.116375,1.0436722707573893
Hydra,519.lbm,30405401.8996875,125,28649407.116375,1.0612925348220847
REGA,519.lbm,30697522.131375,1000,28649407.116375,1.0714889144714401
REGA,519.lbm,36303127.047749996,500,28649407.116375,1.2671510757721893
REGA,519.lbm,53629857.22799999,250,28649407.116375,1.871936023323395
REGA,519.lbm,105448232.29968752,125,28649407.116375,3.680642739703224
PARA,519.lbm,30811082.4823125,1000,28649407.116375,1.0754527085728753
PARA,519.lbm,33170163.530062504,500,28649407.116375,1.1577958104097588
PARA,519.lbm,38731001.38275,250,28649407.116375,1.3518953891584273
PARA,519.lbm,55612524.963375,125,28649407.116375,1.9411405177592254
Baseline,470.lbm,27331071.476999998,0,27331071.476999998,1.0
CoMeT,470.lbm,29606103.7918125,125,27331071.476999998,1.0832397777279614
CoMeT,470.lbm,28472294.868187495,250,27331071.476999998,1.0417555305926398
CoMeT,470.lbm,27890308.137562502,500,27331071.476999998,1.0204615710376785
CoMeT,470.lbm,27525102.564937506,1000,27331071.476999998,1.0070992858110517
Graphene,470.lbm,27448891.152375,1000,27331071.476999998,1.0043108326533832
Graphene,470.lbm,27652406.157375,500,27331071.476999998,1.0117571197545407
Graphene,470.lbm,28077620.4076875,250,27331071.476999998,1.027315026098254
Graphene,470.lbm,28922795.139749996,125,27331071.476999998,1.058238611833769
Hydra,470.lbm,28157065.0545,1000,27331071.476999998,1.0302217781031784
Hydra,470.lbm,28488597.934312504,500,27331071.476999998,1.0423520335924847
Hydra,470.lbm,28833021.0463125,250,27331071.476999998,1.0549539219703274
Hydra,470.lbm,29432064.707624998,125,27331071.476999998,1.076871967218448
REGA,470.lbm,29670434.187,1000,27331071.476999998,1.0855935235458534
REGA,470.lbm,36791661.573374994,500,27331071.476999998,1.3461477938885928
REGA,470.lbm,57067957.319062494,250,27331071.476999998,2.0880248828549246
REGA,470.lbm,116410345.7908125,125,27331071.476999998,4.25926754788138
PARA,470.lbm,29930161.545375,1000,27331071.476999998,1.0950965303560172
PARA,470.lbm,32706573.097875,500,27331071.476999998,1.196680968962328
PARA,470.lbm,39113204.6356875,250,27331071.476999998,1.431089325151506
PARA,470.lbm,58350401.365125,125,27331071.476999998,2.1349474503489114
Baseline,459.GemsFDTD,22350096.805874992,0,22350096.805874992,1.0
CoMeT,459.GemsFDTD,23299437.048374996,125,22350096.805874992,1.0424758895116042
CoMeT,459.GemsFDTD,22821846.0868125,250,22350096.805874992,1.0211072589544
CoMeT,459.GemsFDTD,22363855.413187496,500,22350096.805874992,1.0006155949762547
CoMeT,459.GemsFDTD,22350096.805874992,1000,22350096.805874992,1.0
Graphene,459.GemsFDTD,22350096.805874992,1000,22350096.805874992,1.0
Graphene,459.GemsFDTD,22350096.805874992,500,22350096.805874992,1.0
Graphene,459.GemsFDTD,22443865.3995,250,22350096.805874992,1.0041954446300367
Graphene,459.GemsFDTD,22846890.087937493,125,22350096.805874992,1.0222277910640598
Hydra,459.GemsFDTD,22428872.496375006,1000,22350096.805874992,1.003524624129561
Hydra,459.GemsFDTD,22784093.236500002,500,22350096.805874992,1.0194181007086702
Hydra,459.GemsFDTD,23550582.304875,250,22350096.805874992,1.0537127650688496
Hydra,459.GemsFDTD,23810486.2618125,125,22350096.805874992,1.0653415270914455
REGA,459.GemsFDTD,23262786.220874995,1000,22350096.805874992,1.040836038560696
REGA,459.GemsFDTD,25340715.042,500,22350096.805874992,1.1338078426281755
REGA,459.GemsFDTD,32060194.893562496,250,22350096.805874992,1.4344544084988073
REGA,459.GemsFDTD,54273459.69506249,125,22350096.805874992,2.4283321976840857
PARA,459.GemsFDTD,23170512.829125002,1000,22350096.805874992,1.0367074930536477
PARA,459.GemsFDTD,24098511.690375,500,22350096.805874992,1.0782285150568303
PARA,459.GemsFDTD,26384110.182562497,250,22350096.805874992,1.1804919867562773
PARA,459.GemsFDTD,33789409.147687495,125,22350096.805874992,1.51182383866926
Baseline,ycsb_aserver,8860324.1743125,0,8860324.1743125,1.0
CoMeT,ycsb_aserver,8860294.3245,125,8860324.1743125,0.9999966310699346
CoMeT,ycsb_aserver,8860324.1743125,250,8860324.1743125,1.0
CoMeT,ycsb_aserver,8860324.1743125,500,8860324.1743125,1.0
CoMeT,ycsb_aserver,8860324.1743125,1000,8860324.1743125,1.0
Graphene,ycsb_aserver,8860324.1743125,1000,8860324.1743125,1.0
Graphene,ycsb_aserver,8860324.1743125,500,8860324.1743125,1.0
Graphene,ycsb_aserver,8860324.1743125,250,8860324.1743125,1.0
Graphene,ycsb_aserver,8861136.880875,125,8860324.1743125,1.0000917242469363
Hydra,ycsb_aserver,8860324.1743125,1000,8860324.1743125,1.0
Hydra,ycsb_aserver,8861149.668375,500,8860324.1743125,1.000093167478555
Hydra,ycsb_aserver,8910130.8255,250,8860324.1743125,1.0056213125171987
Hydra,ycsb_aserver,9184587.579375,125,8860324.1743125,1.0365972394105616
REGA,ycsb_aserver,9032945.2393125,1000,8860324.1743125,1.0194824773455191
REGA,ycsb_aserver,9434634.2731875,500,8860324.1743125,1.0648181813189201
REGA,ycsb_aserver,10686715.851750001,250,8860324.1743125,1.2061314734660051
REGA,ycsb_aserver,14756891.0488125,125,8860324.1743125,1.665502385521637
PARA,ycsb_aserver,9071857.844437502,1000,8860324.1743125,1.0238742585444303
PARA,ycsb_aserver,9302344.621875001,500,8860324.1743125,1.0498876157199744
PARA,ycsb_aserver,9831482.3308125,250,8860324.1743125,1.1096075197017672
PARA,ycsb_aserver,11319760.361624997,125,8860324.1743125,1.2775785782694946
Baseline,bfs_dblp,111715061.72643746,0,111715061.72643746,1.0
CoMeT,bfs_dblp,121466383.9959375,125,111715061.72643746,1.0872874446722198
CoMeT,bfs_dblp,117937675.307625,250,111715061.72643746,1.0557007576688735
CoMeT,bfs_dblp,115694328.3706875,500,111715061.72643746,1.0356197864706398
CoMeT,bfs_dblp,112062194.50687501,1000,111715061.72643746,1.0031073050945234
Graphene,bfs_dblp,111715061.72643746,1000,111715061.72643746,1.0
Graphene,bfs_dblp,112781756.00625,500,111715061.72643746,1.0095483479427743
Graphene,bfs_dblp,113863181.90493749,250,111715061.72643746,1.019228563680699
Graphene,bfs_dblp,117112350.8413125,125,111715061.72643746,1.0483129940713962
Hydra,bfs_dblp,116332664.29668748,1000,111715061.72643746,1.0413337512318381
Hydra,bfs_dblp,117598996.79175,500,111715061.72643746,1.0526691296086899
Hydra,bfs_dblp,118451603.1189375,250,111715061.72643746,1.060301102540642
Hydra,bfs_dblp,120782509.14806251,125,111715061.72643746,1.081165845334526
REGA,bfs_dblp,126784588.93143748,1000,111715061.72643746,1.1348925290119032
REGA,bfs_dblp,158195869.648125,500,111715061.72643746,1.4160657229506575
REGA,bfs_dblp,256015475.3115,250,111715061.72643746,2.291682709162517
REGA,bfs_dblp,575828883.2953125,125,111715061.72643746,5.154442690148397
PARA,bfs_dblp,124004256.333,1000,111715061.72643746,1.1100048141821355
PARA,bfs_dblp,135878108.96006244,500,111715061.72643746,1.216291759232916
PARA,bfs_dblp,163115814.778875,250,111715061.72643746,1.4601058465894712
PARA,bfs_dblp,247913673.96562502,125,111715061.72643746,2.219160694488128
Baseline,ycsb_eserver,8039063.608499998,0,8039063.608499998,1.0
CoMeT,ycsb_eserver,8110708.815749999,125,8039063.608499998,1.0089121333950197
CoMeT,ycsb_eserver,8044264.914562498,250,8039063.608499998,1.0006470039690942
CoMeT,ycsb_eserver,8039063.608499998,500,8039063.608499998,1.0
CoMeT,ycsb_eserver,8039063.608499998,1000,8039063.608499998,1.0
Graphene,ycsb_eserver,8039063.608499998,1000,8039063.608499998,1.0
Graphene,ycsb_eserver,8039063.608499998,500,8039063.608499998,1.0
Graphene,ycsb_eserver,8056492.7445,250,8039063.608499998,1.0021680554911363
Graphene,ycsb_eserver,8113873.741687499,125,8039063.608499998,1.0093058267518125
Hydra,ycsb_eserver,8039063.608499998,1000,8039063.608499998,1.0
Hydra,ycsb_eserver,8048133.265499999,500,8039063.608499998,1.001128198188457
Hydra,ycsb_eserver,8188673.715750001,250,8039063.608499998,1.0186103897836827
Hydra,ycsb_eserver,8269260.153937501,125,8039063.608499998,1.0286347461157177
REGA,ycsb_eserver,8143952.5335,1000,8039063.608499998,1.0130474057810785
REGA,ycsb_eserver,8402777.821125,500,8039063.608499998,1.0452433554873772
REGA,ycsb_eserver,9195168.12675,250,8039063.608499998,1.1438108434703278
REGA,ycsb_eserver,11796873.878249997,125,8039063.608499998,1.4674437786232626
PARA,ycsb_eserver,8193802.977562499,1000,8039063.608499998,1.0192484319814175
PARA,ycsb_eserver,8358590.109749999,500,8039063.608499998,1.0397467313123576
PARA,ycsb_eserver,8727427.535249999,250,8039063.608499998,1.0856273765544247
PARA,ycsb_eserver,9767446.578187501,125,8039063.608499998,1.2149980462724563
Baseline,GeoMean,,0,,1.0
CoMeT,GeoMean,,125,,1.0325965349631976
CoMeT,GeoMean,,250,,1.013899837744534
CoMeT,GeoMean,,500,,1.006070821364209
CoMeT,GeoMean,,1000,,1.0013719124151674
Graphene,GeoMean,,125,,1.0177951006262531
Graphene,GeoMean,,250,,1.0073251242868333
Graphene,GeoMean,,500,,1.0029252122434473
Graphene,GeoMean,,1000,,1.0007580838614736
Hydra,GeoMean,,125,,1.057886115593633
Hydra,GeoMean,,250,,1.0303904386045748
Hydra,GeoMean,,500,,1.0146717969894203
Hydra,GeoMean,,1000,,1.0074545808928075
PARA,GeoMean,,125,,1.3901832149117908
PARA,GeoMean,,250,,1.1553695388140728
PARA,GeoMean,,500,,1.0728359254193152
PARA,GeoMean,,1000,,1.0360806094377653
REGA,GeoMean,,125,,2.04609748720782
REGA,GeoMean,,250,,1.3666062385112725
REGA,GeoMean,,500,,1.122911936250839
REGA,GeoMean,,1000,,1.0369515194131076
