config,workload,ramulator.normalized_ipc,nrh
Baseline0,tpcc64,1.0,0
CoMeT125,tpcc64,0.9871688618583436,125
CoMeT250,tpcc64,0.9983814647627176,250
CoMeT500,tpcc64,1.0,500
CoMeT1000,tpcc64,1.0,1000
Graphene1000,tpcc64,1.0,1000
Graphene500,tpcc64,1.0,500
Graphene250,tpcc64,0.9999713577442424,250
Graphene125,tpcc64,0.990926456665446,125
Hydra1000,tpcc64,1.0,1000
Hydra500,tpcc64,0.9983814647627176,500
Hydra250,tpcc64,0.9841458488074343,250
Hydra125,tpcc64,0.950187201133106,125
REGA1000,tpcc64,1.0,1000
REGA500,tpcc64,0.9935282916387064,500
REGA250,tpcc64,0.9645474538592352,250
REGA125,tpcc64,0.8813284715033831,125
PARA1000,tpcc64,0.9699348006930989,1000
PARA500,tpcc64,0.9396888973901164,500
PARA250,tpcc64,0.8745317389419788,250
PARA125,tpcc64,0.7206285649871292,125
Baseline0,grep_map0,1.0,0
CoMeT125,grep_map0,0.993947748945243,125
CoMeT250,grep_map0,0.9973219672327738,250
CoMeT500,grep_map0,1.0,500
CoMeT1000,grep_map0,1.0,1000
Graphene1000,grep_map0,1.0,1000
Graphene500,grep_map0,1.0,500
Graphene250,grep_map0,0.998329450985934,250
Graphene125,grep_map0,0.9955487401747286,125
Hydra1000,grep_map0,1.0,1000
Hydra500,grep_map0,0.998931102869138,500
Hydra250,grep_map0,0.9906066845426135,250
Hydra125,grep_map0,0.9865990946706528,125
REGA1000,grep_map0,1.0,1000
REGA500,grep_map0,0.9968793447604554,500
REGA250,grep_map0,0.9845492185090491,250
REGA125,grep_map0,0.9549946706426643,125
PARA1000,grep_map0,0.9895790957976229,1000
PARA500,grep_map0,0.9791629055056319,500
PARA250,grep_map0,0.9565019222172391,250
PARA125,grep_map0,0.890785065591681,125
Baseline0,tpch6,1.0,0
CoMeT125,tpch6,0.9930260247862227,125
CoMeT250,tpch6,0.9977768949574165,250
CoMeT500,tpch6,0.9998552117865183,500
CoMeT1000,tpch6,1.0,1000
Graphene1000,tpch6,1.0,1000
Graphene500,tpch6,1.0,500
Graphene250,tpch6,0.9988149722417565,250
Graphene125,tpch6,0.995969002450137,125
Hydra1000,tpch6,1.0,1000
Hydra500,tpch6,0.9998552117865183,500
Hydra250,tpch6,0.989549315716597,250
Hydra125,tpch6,0.9827894934104221,125
REGA1000,tpch6,1.0,1000
REGA500,tpch6,0.997411005305308,500
REGA250,tpch6,0.9832156495130289,250
REGA125,tpch6,0.9441941775061488,125
PARA1000,tpch6,0.9854862000827851,1000
PARA500,tpch6,0.9728994539241266,500
PARA250,tpch6,0.940128918500943,250
PARA125,tpch6,0.8547522798250808,125
Baseline0,ycsb_bserver,1.0,0
CoMeT125,ycsb_bserver,1.0,125
CoMeT250,ycsb_bserver,1.0,250
CoMeT500,ycsb_bserver,1.0,500
CoMeT1000,ycsb_bserver,1.0,1000
Graphene1000,ycsb_bserver,1.0,1000
Graphene500,ycsb_bserver,1.0,500
Graphene250,ycsb_bserver,1.0,250
Graphene125,ycsb_bserver,1.0,125
Hydra1000,ycsb_bserver,1.0,1000
Hydra500,ycsb_bserver,1.0,500
Hydra250,ycsb_bserver,0.9989301887205038,250
Hydra125,ycsb_bserver,0.9778639041040046,125
REGA1000,ycsb_bserver,1.0,1000
REGA500,ycsb_bserver,0.9962712991064694,500
REGA250,ycsb_bserver,0.9820878031894449,250
REGA125,ycsb_bserver,0.939023504620779,125
PARA1000,ycsb_bserver,0.9688357685930853,1000
PARA500,ycsb_bserver,0.938970518764228,500
PARA250,ycsb_bserver,0.8743379307830993,250
PARA125,ycsb_bserver,0.7372532193517701,125
Baseline0,403.gcc,1.0,0
CoMeT125,403.gcc,1.0,125
CoMeT250,403.gcc,1.0,250
CoMeT500,403.gcc,1.0,500
CoMeT1000,403.gcc,1.0,1000
Graphene1000,403.gcc,1.0,1000
Graphene500,403.gcc,1.0,500
Graphene250,403.gcc,1.0,250
Graphene125,403.gcc,1.0,125
Hydra1000,403.gcc,1.0,1000
Hydra500,403.gcc,1.0,500
Hydra250,403.gcc,1.0,250
Hydra125,403.gcc,1.0,125
REGA1000,403.gcc,1.0,1000
REGA500,403.gcc,0.9997063215080474,500
REGA250,403.gcc,0.9986684904500402,250
REGA125,403.gcc,0.9964620796595404,125
PARA1000,403.gcc,0.9993037874929231,1000
PARA500,403.gcc,0.998700013706693,500
PARA250,403.gcc,0.9977106883932046,250
PARA125,403.gcc,0.9936268200198831,125
Baseline0,464.h264ref,1.0,0
CoMeT125,464.h264ref,1.0,125
CoMeT250,464.h264ref,1.0,250
CoMeT500,464.h264ref,1.0,500
CoMeT1000,464.h264ref,1.0,1000
Graphene1000,464.h264ref,1.0,1000
Graphene500,464.h264ref,1.0,500
Graphene250,464.h264ref,1.0,250
Graphene125,464.h264ref,1.0,125
Hydra1000,464.h264ref,1.0,1000
Hydra500,464.h264ref,1.0,500
Hydra250,464.h264ref,1.0,250
Hydra125,464.h264ref,1.0,125
REGA1000,464.h264ref,1.0,1000
REGA500,464.h264ref,1.0,500
REGA250,464.h264ref,0.9996375424780974,250
REGA125,464.h264ref,0.9994215578746604,125
PARA1000,464.h264ref,0.9994921215244869,1000
PARA500,464.h264ref,0.9992984505326802,500
PARA250,464.h264ref,0.9986107441705275,250
PARA125,464.h264ref,0.9968572238537857,125
Baseline0,bfs_dblp,1.0,0
CoMeT125,bfs_dblp,0.8133509695820618,125
CoMeT250,bfs_dblp,0.8716859891132677,250
CoMeT500,bfs_dblp,0.9158648996764733,500
CoMeT1000,bfs_dblp,0.9917529568655907,1000
Graphene1000,bfs_dblp,1.0,1000
Graphene500,bfs_dblp,0.9761679787489665,500
Graphene250,bfs_dblp,0.9524177434018328,250
Graphene125,bfs_dblp,0.888544909393318,125
Hydra1000,bfs_dblp,0.9182902117219841,1000
Hydra500,bfs_dblp,0.8984041958186907,500
Hydra250,bfs_dblp,0.8844981271026275,250
Hydra125,bfs_dblp,0.8456414017388739,125
REGA1000,bfs_dblp,1.0,1000
REGA500,bfs_dblp,0.9978617557364011,500
REGA250,bfs_dblp,0.8861032487075845,250
REGA125,bfs_dblp,0.5952881154601395,125
PARA1000,bfs_dblp,0.7711875963146505,1000
PARA500,bfs_dblp,0.6323046836063676,500
PARA250,bfs_dblp,0.44718874836582795,250
PARA125,bfs_dblp,0.23322103404049754,125
Baseline0,459.GemsFDTD,1.0,0
CoMeT125,459.GemsFDTD,0.9280300073013278,125
CoMeT250,459.GemsFDTD,0.9632952352031404,250
CoMeT500,459.GemsFDTD,0.998847364393487,500
CoMeT1000,459.GemsFDTD,1.0,1000
Graphene1000,459.GemsFDTD,1.0,1000
Graphene500,459.GemsFDTD,1.0,500
Graphene250,459.GemsFDTD,0.992440025003881,250
Graphene125,459.GemsFDTD,0.9613369590319822,125
Hydra1000,459.GemsFDTD,0.995137159515652,1000
Hydra500,459.GemsFDTD,0.9715439983301631,500
Hydra250,459.GemsFDTD,0.924834556815775,250
Hydra125,459.GemsFDTD,0.9085188002129945,125
REGA1000,459.GemsFDTD,1.0,1000
REGA500,459.GemsFDTD,0.9867183870865078,500
REGA250,459.GemsFDTD,0.9208808428277511,250
REGA125,459.GemsFDTD,0.7519774063292143,125
PARA1000,459.GemsFDTD,0.9364706581431714,1000
PARA500,459.GemsFDTD,0.8735592886128098,500
PARA250,459.GemsFDTD,0.7493561781158102,250
PARA125,459.GemsFDTD,0.5132000731174953,125
Baseline0,473.astar,1.0,0
CoMeT125,473.astar,0.9111678966594361,125
CoMeT250,473.astar,0.9980264329746511,250
CoMeT500,473.astar,1.0,500
CoMeT1000,473.astar,1.0,1000
Graphene1000,473.astar,1.0,1000
Graphene500,473.astar,1.0,500
Graphene250,473.astar,1.0001654303136562,250
Graphene125,473.astar,0.9920382016345461,125
Hydra1000,473.astar,0.9999355594924493,1000
Hydra500,473.astar,0.9930241921620018,500
Hydra250,473.astar,0.9567589260250922,250
Hydra125,473.astar,0.8718442315316375,125
REGA1000,473.astar,1.0,1000
REGA500,473.astar,0.9899647740819716,500
REGA250,473.astar,0.9334591903863841,250
REGA125,473.astar,0.8006876062226933,125
PARA1000,473.astar,0.9487968101371282,1000
PARA500,473.astar,0.8984085873558096,500
PARA250,473.astar,0.7974025982624907,250
PARA125,473.astar,0.5883157937421104,125
Baseline0,456.hmmer,1.0,0
CoMeT125,456.hmmer,1.0,125
CoMeT250,456.hmmer,1.0,250
CoMeT500,456.hmmer,1.0,500
CoMeT1000,456.hmmer,1.0,1000
Graphene1000,456.hmmer,1.0,1000
Graphene500,456.hmmer,1.0,500
Graphene250,456.hmmer,1.0,250
Graphene125,456.hmmer,1.0,125
Hydra1000,456.hmmer,1.0,1000
Hydra500,456.hmmer,1.0,500
Hydra250,456.hmmer,1.0,250
Hydra125,456.hmmer,1.0,125
REGA1000,456.hmmer,1.0,1000
REGA500,456.hmmer,1.0,500
REGA250,456.hmmer,0.9999295554707549,250
REGA125,456.hmmer,0.999807299725298,125
PARA1000,456.hmmer,0.9998282178754269,1000
PARA500,456.hmmer,0.9997713807690803,500
PARA250,456.hmmer,0.9997117703275492,250
PARA125,456.hmmer,0.9992565959713449,125
Baseline0,444.namd,1.0,0
CoMeT125,444.namd,1.0,125
CoMeT250,444.namd,1.0,250
CoMeT500,444.namd,1.0,500
CoMeT1000,444.namd,1.0,1000
Graphene1000,444.namd,1.0,1000
Graphene500,444.namd,1.0,500
Graphene250,444.namd,1.0,250
Graphene125,444.namd,1.0,125
Hydra1000,444.namd,1.0,1000
Hydra500,444.namd,1.0,500
Hydra250,444.namd,1.0,250
Hydra125,444.namd,1.0,125
REGA1000,444.namd,1.0,1000
REGA500,444.namd,1.0,500
REGA250,444.namd,1.0000324141696013,250
REGA125,444.namd,0.999463060776001,125
PARA1000,444.namd,0.9999527660395018,1000
PARA500,444.namd,0.9999202582281651,500
PARA250,444.namd,0.9997783947727487,250
PARA125,444.namd,0.9991410989494294,125
Baseline0,482.sphinx3,1.0,0
CoMeT125,482.sphinx3,0.9963347111843192,125
CoMeT250,482.sphinx3,0.9989977039925627,250
CoMeT500,482.sphinx3,1.0,500
CoMeT1000,482.sphinx3,1.0,1000
Graphene1000,482.sphinx3,1.0,1000
Graphene500,482.sphinx3,1.0,500
Graphene250,482.sphinx3,0.9992357278645373,250
Graphene125,482.sphinx3,0.9972361998419658,125
Hydra1000,482.sphinx3,1.0,1000
Hydra500,482.sphinx3,0.9995697623608569,500
Hydra250,482.sphinx3,0.9965714676136497,250
Hydra125,482.sphinx3,0.9909540851321376,125
REGA1000,482.sphinx3,1.0,1000
REGA500,482.sphinx3,0.9989019165477777,500
REGA250,482.sphinx3,0.9965714676136497,250
REGA125,482.sphinx3,0.9847010230465905,125
PARA1000,482.sphinx3,0.9918389836368444,1000
PARA500,482.sphinx3,0.9834604740005689,500
PARA250,482.sphinx3,0.9635851280158959,250
PARA125,482.sphinx3,0.9107292941307065,125
Baseline0,jp2_encode,1.0,0
CoMeT125,jp2_encode,0.971894772243419,125
CoMeT250,jp2_encode,0.9865599816906044,250
CoMeT500,jp2_encode,0.9947859091729173,500
CoMeT1000,jp2_encode,0.9977712220211415,1000
Graphene1000,jp2_encode,0.9979354541388218,1000
Graphene500,jp2_encode,0.9954210610512678,500
Graphene250,jp2_encode,0.9900620152334585,250
Graphene125,jp2_encode,0.9785800322237556,125
Hydra1000,jp2_encode,0.9925250269960975,1000
Hydra500,jp2_encode,0.9906941276152614,500
Hydra250,jp2_encode,0.9857012047057097,250
Hydra125,jp2_encode,0.9784640534866604,125
REGA1000,jp2_encode,1.0,1000
REGA500,jp2_encode,0.9885040023105274,500
REGA250,jp2_encode,0.9459611146268081,250
REGA125,jp2_encode,0.8521983157798922,125
PARA1000,jp2_encode,0.9617895663501996,1000
PARA500,jp2_encode,0.9236366832831033,500
PARA250,jp2_encode,0.8432087363848212,250
PARA125,jp2_encode,0.6626991760724059,125
Baseline0,508.namd,1.0,0
CoMeT125,508.namd,1.0,125
CoMeT250,508.namd,1.0,250
CoMeT500,508.namd,1.0,500
CoMeT1000,508.namd,1.0,1000
Graphene1000,508.namd,1.0,1000
Graphene500,508.namd,1.0,500
Graphene250,508.namd,1.0,250
Graphene125,508.namd,1.0,125
Hydra1000,508.namd,1.0,1000
Hydra500,508.namd,1.0,500
Hydra250,508.namd,1.0,250
Hydra125,508.namd,1.0,125
REGA1000,508.namd,1.0,1000
REGA500,508.namd,0.9999988915534888,500
REGA250,508.namd,0.9992246407256513,250
REGA125,508.namd,0.9974845771947708,125
PARA1000,508.namd,0.9994531535652502,1000
PARA500,508.namd,0.9988546558005248,500
PARA250,508.namd,0.9974830016567966,250
PARA125,508.namd,0.9924015285699181,125
Baseline0,549.fotonik3d,1.0,0
CoMeT125,549.fotonik3d,0.930674293619361,125
CoMeT250,549.fotonik3d,0.9602398871554547,250
CoMeT500,549.fotonik3d,0.9985014298016766,500
CoMeT1000,549.fotonik3d,1.0,1000
Graphene1000,549.fotonik3d,1.0,1000
Graphene500,549.fotonik3d,1.0,500
Graphene250,549.fotonik3d,0.9887905786042798,250
Graphene125,549.fotonik3d,0.9598068543331368,125
Hydra1000,549.fotonik3d,0.9952698859226228,1000
Hydra500,549.fotonik3d,0.9694467771005124,500
Hydra250,549.fotonik3d,0.9209115494978686,250
Hydra125,549.fotonik3d,0.9095459788641256,125
REGA1000,549.fotonik3d,1.0,1000
REGA500,549.fotonik3d,0.9842974830763624,500
REGA250,549.fotonik3d,0.9005083037830733,250
REGA125,549.fotonik3d,0.7080554381882845,125
PARA1000,549.fotonik3d,0.9354025660250113,1000
PARA500,549.fotonik3d,0.870992288464739,500
PARA250,549.fotonik3d,0.7467047843368413,250
PARA125,549.fotonik3d,0.5071677342496268,125
Baseline0,447.dealII,1.0,0
CoMeT125,447.dealII,1.0,125
CoMeT250,447.dealII,1.0,250
CoMeT500,447.dealII,1.0,500
CoMeT1000,447.dealII,1.0,1000
Graphene1000,447.dealII,1.0,1000
Graphene500,447.dealII,1.0,500
Graphene250,447.dealII,1.0,250
Graphene125,447.dealII,1.0,125
Hydra1000,447.dealII,1.0,1000
Hydra500,447.dealII,1.0,500
Hydra250,447.dealII,1.0,250
Hydra125,447.dealII,1.0,125
REGA1000,447.dealII,1.0,1000
REGA500,447.dealII,1.000031518383964,500
REGA250,447.dealII,0.9999841430643073,250
REGA125,447.dealII,0.9996090417892878,125
PARA1000,447.dealII,0.9997962618891626,1000
PARA500,447.dealII,0.9990956391512044,500
PARA250,447.dealII,0.9987036586492724,250
PARA125,447.dealII,0.9962925772218817,125
Baseline0,531.deepsjeng,1.0,0
CoMeT125,531.deepsjeng,1.0,125
CoMeT250,531.deepsjeng,1.0,250
CoMeT500,531.deepsjeng,1.0,500
CoMeT1000,531.deepsjeng,1.0,1000
Graphene1000,531.deepsjeng,1.0,1000
Graphene500,531.deepsjeng,1.0,500
Graphene250,531.deepsjeng,1.0,250
Graphene125,531.deepsjeng,1.0,125
Hydra1000,531.deepsjeng,1.0,1000
Hydra500,531.deepsjeng,1.0,500
Hydra250,531.deepsjeng,1.0,250
Hydra125,531.deepsjeng,1.0,125
REGA1000,531.deepsjeng,1.0,1000
REGA500,531.deepsjeng,1.0,500
REGA250,531.deepsjeng,0.9998264899258847,250
REGA125,531.deepsjeng,0.9983405113216945,125
PARA1000,531.deepsjeng,0.998879671091541,1000
PARA500,531.deepsjeng,0.997468800195121,500
PARA250,531.deepsjeng,0.9946867942803631,250
PARA125,531.deepsjeng,0.986719714266707,125
Baseline0,ycsb_eserver,1.0,0
CoMeT125,ycsb_eserver,0.9856249927732249,125
CoMeT250,ycsb_eserver,0.9987576297510882,250
CoMeT500,ycsb_eserver,1.0,500
CoMeT1000,ycsb_eserver,1.0,1000
Graphene1000,ycsb_eserver,1.0,1000
Graphene500,ycsb_eserver,1.0,500
Graphene250,ycsb_eserver,0.9961729666370087,250
Graphene125,ycsb_eserver,0.9856730216689241,125
Hydra1000,ycsb_eserver,1.0,1000
Hydra500,ycsb_eserver,0.9988996291535192,500
Hydra250,ycsb_eserver,0.9750326589818028,250
Hydra125,ycsb_eserver,0.9599753159897486,125
REGA1000,ycsb_eserver,1.0,1000
REGA500,ycsb_eserver,0.9972712011369934,500
REGA250,ycsb_eserver,0.9849699530615252,250
REGA125,ycsb_eserver,0.9443144148795232,125
PARA1000,ycsb_eserver,0.9699205124806892,1000
PARA500,ycsb_eserver,0.9400375370962796,500
PARA250,ycsb_eserver,0.878127226671918,250
PARA125,ycsb_eserver,0.7442278018196324,125
Baseline0,435.gromacs,1.0,0
CoMeT125,435.gromacs,1.0,125
CoMeT250,435.gromacs,1.0,250
CoMeT500,435.gromacs,1.0,500
CoMeT1000,435.gromacs,1.0,1000
Graphene1000,435.gromacs,1.0,1000
Graphene500,435.gromacs,1.0,500
Graphene250,435.gromacs,1.0,250
Graphene125,435.gromacs,1.0,125
Hydra1000,435.gromacs,1.0,1000
Hydra500,435.gromacs,1.0,500
Hydra250,435.gromacs,1.0,250
Hydra125,435.gromacs,1.0,125
REGA1000,435.gromacs,1.0,1000
REGA500,435.gromacs,0.9998220121638889,500
REGA250,435.gromacs,0.9998150506023292,250
REGA125,435.gromacs,0.9980017037652976,125
PARA1000,435.gromacs,0.9990176018879743,1000
PARA500,435.gromacs,0.9979798029290546,500
PARA250,435.gromacs,0.9967513942497005,250
PARA125,435.gromacs,0.9900772533189058,125
Baseline0,520.omnetpp,1.0,0
CoMeT125,520.omnetpp,0.8017873159800375,125
CoMeT250,520.omnetpp,0.9944906144113536,250
CoMeT500,520.omnetpp,0.9999664134491199,500
CoMeT1000,520.omnetpp,1.0,1000
Graphene1000,520.omnetpp,1.0,1000
Graphene500,520.omnetpp,1.0,500
Graphene250,520.omnetpp,0.9966599912804888,250
Graphene125,520.omnetpp,0.9717993025651024,125
Hydra1000,520.omnetpp,0.9954003414273155,1000
Hydra500,520.omnetpp,0.9601958745772594,500
Hydra250,520.omnetpp,0.8415496561645264,250
Hydra125,520.omnetpp,0.5617568828144565,125
REGA1000,520.omnetpp,1.0,1000
REGA500,520.omnetpp,0.9781540600803931,500
REGA250,520.omnetpp,0.8900934512856619,250
REGA125,520.omnetpp,0.7098801325383544,125
PARA1000,520.omnetpp,0.9223971636798588,1000
PARA500,520.omnetpp,0.8507650686938464,500
PARA250,520.omnetpp,0.722530106859576,250
PARA125,520.omnetpp,0.49649206573324695,125
Baseline0,544.nab,1.0,0
CoMeT125,544.nab,1.0,125
CoMeT250,544.nab,1.0,250
CoMeT500,544.nab,1.0,500
CoMeT1000,544.nab,1.0,1000
Graphene1000,544.nab,1.0,1000
Graphene500,544.nab,1.0,500
Graphene250,544.nab,1.0,250
Graphene125,544.nab,1.0,125
Hydra1000,544.nab,1.0,1000
Hydra500,544.nab,1.0,500
Hydra250,544.nab,1.0,250
Hydra125,544.nab,1.0,125
REGA1000,544.nab,1.0,1000
REGA500,544.nab,1.0,500
REGA250,544.nab,0.9999773227027549,250
REGA125,544.nab,0.9991391402079409,125
PARA1000,544.nab,1.0,1000
PARA500,544.nab,0.9997308123016371,500
PARA250,544.nab,0.9992466860043386,250
PARA125,544.nab,0.9973092988089548,125
Baseline0,445.gobmk,1.0,0
CoMeT125,445.gobmk,1.0,125
CoMeT250,445.gobmk,1.0,250
CoMeT500,445.gobmk,1.0,500
CoMeT1000,445.gobmk,1.0,1000
Graphene1000,445.gobmk,1.0,1000
Graphene500,445.gobmk,1.0,500
Graphene250,445.gobmk,1.0,250
Graphene125,445.gobmk,1.0,125
Hydra1000,445.gobmk,1.0,1000
Hydra500,445.gobmk,1.0,500
Hydra250,445.gobmk,1.0,250
Hydra125,445.gobmk,0.9996920102356072,125
REGA1000,445.gobmk,1.0,1000
REGA500,445.gobmk,0.9995219063194272,500
REGA250,445.gobmk,0.9983423529318405,250
REGA125,445.gobmk,0.9961184592283013,125
PARA1000,445.gobmk,0.9974371034779635,1000
PARA500,445.gobmk,0.9953750886487666,500
PARA250,445.gobmk,0.9904087857307393,250
PARA125,445.gobmk,0.9760992072462648,125
Baseline0,ycsb_aserver,1.0,0
CoMeT125,ycsb_aserver,0.9997097508423087,125
CoMeT250,ycsb_aserver,1.0,250
CoMeT500,ycsb_aserver,1.0,500
CoMeT1000,ycsb_aserver,1.0,1000
Graphene1000,ycsb_aserver,1.0,1000
Graphene500,ycsb_aserver,1.0,500
Graphene250,ycsb_aserver,1.0,250
Graphene125,ycsb_aserver,0.9999954868244726,125
Hydra1000,ycsb_aserver,1.0,1000
Hydra500,ycsb_aserver,0.9999725493558395,500
Hydra250,ycsb_aserver,0.9920656096452763,250
Hydra125,ycsb_aserver,0.952369579900347,125
REGA1000,ycsb_aserver,1.0,1000
REGA500,ycsb_aserver,0.9938356152854989,500
REGA250,ycsb_aserver,0.9712850274576478,250
REGA125,ycsb_aserver,0.9033776689492068,125
PARA1000,ycsb_aserver,0.9611204359275697,1000
PARA500,ycsb_aserver,0.9230769310059197,500
PARA250,ycsb_aserver,0.8458416472388682,250
PARA125,ycsb_aserver,0.6863241416791491,125
Baseline0,450.soplex,1.0,0
CoMeT125,450.soplex,0.9410648627231849,125
CoMeT250,450.soplex,0.9709046738029711,250
CoMeT500,450.soplex,0.9864780296026698,500
CoMeT1000,450.soplex,0.994229698165716,1000
Graphene1000,450.soplex,0.9963064238670534,1000
Graphene500,450.soplex,0.9905995004582319,500
Graphene250,450.soplex,0.9786209983012643,250
Graphene125,450.soplex,0.9558680994822253,125
Hydra1000,450.soplex,0.9889331557436576,1000
Hydra500,450.soplex,0.9800560307128311,500
Hydra250,450.soplex,0.9644550413184654,250
Hydra125,450.soplex,0.9232786380659526,125
REGA1000,450.soplex,1.0,1000
REGA500,450.soplex,0.9774803154437234,500
REGA250,450.soplex,0.8908851991741153,250
REGA125,450.soplex,0.7210969394600462,125
PARA1000,450.soplex,0.9292274800921001,1000
PARA500,450.soplex,0.863065610424013,500
PARA250,450.soplex,0.7383413782133955,250
PARA125,450.soplex,0.5096318039828168,125
Baseline0,462.libquantum,1.0,0
CoMeT125,462.libquantum,0.962174623977916,125
CoMeT250,462.libquantum,0.9805272667485643,250
CoMeT500,462.libquantum,0.9912622744300577,500
CoMeT1000,462.libquantum,0.9975931819817153,1000
Graphene1000,462.libquantum,0.997818368006733,1000
Graphene500,462.libquantum,0.9936743941639333,500
Graphene250,462.libquantum,0.9865006866667696,250
Graphene125,462.libquantum,0.9712312638797357,125
Hydra1000,462.libquantum,0.9862486461877108,1000
Hydra500,462.libquantum,0.9831441918769915,500
Hydra250,462.libquantum,0.978449801891858,250
Hydra125,462.libquantum,0.9687957386596986,125
REGA1000,462.libquantum,1.0,1000
REGA500,462.libquantum,0.9933677044258,500
REGA250,462.libquantum,0.9584093538053123,250
REGA125,462.libquantum,0.8659034727938446,125
PARA1000,462.libquantum,0.9459154519508594,1000
PARA500,462.libquantum,0.8940952554395741,500
PARA250,462.libquantum,0.7942497500169861,250
PARA125,462.libquantum,0.5952969009912916,125
Baseline0,470.lbm,1.0,0
CoMeT125,470.lbm,0.8552260452399533,125
CoMeT250,470.lbm,0.9216581890388491,250
CoMeT500,470.lbm,0.9599198084533977,500
CoMeT1000,470.lbm,0.9857229095890649,1000
Graphene1000,470.lbm,0.9913105431238957,1000
Graphene500,470.lbm,0.9766337329852447,500
Graphene250,470.lbm,0.9472976122812602,250
Graphene125,470.lbm,0.8940265294009209,125
Hydra1000,470.lbm,0.9507439351003117,1000
Hydra500,470.lbm,0.9314077726365103,500
Hydra250,470.lbm,0.9109059757412564,250
Hydra125,470.lbm,0.8761846791070561,125
REGA1000,470.lbm,1.0,1000
REGA500,470.lbm,0.890584560142702,500
REGA250,470.lbm,0.6831449758583674,250
REGA125,470.lbm,0.449848519851055,125
PARA1000,470.lbm,0.8378537822601648,1000
PARA500,470.lbm,0.7142100574392178,500
PARA250,470.lbm,0.5326750018117731,250
PARA125,470.lbm,0.3020780921085046,125
Baseline0,502.gcc,1.0,0
CoMeT125,502.gcc,1.0,125
CoMeT250,502.gcc,1.0,250
CoMeT500,502.gcc,1.0,500
CoMeT1000,502.gcc,1.0,1000
Graphene1000,502.gcc,1.0,1000
Graphene500,502.gcc,1.0,500
Graphene250,502.gcc,1.0,250
Graphene125,502.gcc,1.0,125
Hydra1000,502.gcc,1.0,1000
Hydra500,502.gcc,1.0,500
Hydra250,502.gcc,1.0,250
Hydra125,502.gcc,1.0,125
REGA1000,502.gcc,1.0,1000
REGA500,502.gcc,0.9993227047321741,500
REGA250,502.gcc,0.998273806842788,250
REGA125,502.gcc,0.99378875487915,125
PARA1000,502.gcc,0.9968243342796775,1000
PARA500,502.gcc,0.9939210029923478,500
PARA250,502.gcc,0.9880863012841359,250
PARA125,502.gcc,0.968508706712768,125
Baseline0,511.povray,1.0,0
CoMeT125,511.povray,1.0,125
CoMeT250,511.povray,1.0,250
CoMeT500,511.povray,1.0,500
CoMeT1000,511.povray,1.0,1000
Graphene1000,511.povray,1.0,1000
Graphene500,511.povray,1.0,500
Graphene250,511.povray,1.0,250
Graphene125,511.povray,1.0,125
Hydra1000,511.povray,1.0,1000
Hydra500,511.povray,1.0,500
Hydra250,511.povray,1.0,250
Hydra125,511.povray,1.0,125
REGA1000,511.povray,1.0,1000
REGA500,511.povray,0.9999994336222788,500
REGA250,511.povray,1.0000710450357395,250
REGA125,511.povray,0.9999334145584027,125
PARA1000,511.povray,0.9999943362516579,1000
PARA500,511.povray,0.9999943362516579,500
PARA250,511.povray,0.999941990071613,250
PARA125,511.povray,0.999941990071613,125
Baseline0,ycsb_dserver,1.0,0
CoMeT125,ycsb_dserver,0.9996298345344946,125
CoMeT250,ycsb_dserver,1.0,250
CoMeT500,ycsb_dserver,1.0,500
CoMeT1000,ycsb_dserver,1.0,1000
Graphene1000,ycsb_dserver,1.0,1000
Graphene500,ycsb_dserver,1.0,500
Graphene250,ycsb_dserver,1.0,250
Graphene125,ycsb_dserver,0.9998098407128507,125
Hydra1000,ycsb_dserver,1.0,1000
Hydra500,ycsb_dserver,1.0,500
Hydra250,ycsb_dserver,1.0,250
Hydra125,ycsb_dserver,0.993456872177261,125
REGA1000,ycsb_dserver,1.0,1000
REGA500,ycsb_dserver,0.9976813249149693,500
REGA250,ycsb_dserver,0.9854685219478233,250
REGA125,ycsb_dserver,0.9477092789920253,125
PARA1000,ycsb_dserver,0.9780625709818707,1000
PARA500,ycsb_dserver,0.9548974075056174,500
PARA250,ycsb_dserver,0.9079091417928079,250
PARA125,ycsb_dserver,0.7981243931152554,125
Baseline0,510.parest,1.0,0
CoMeT125,510.parest,1.0,125
CoMeT250,510.parest,1.0,250
CoMeT500,510.parest,1.0,500
CoMeT1000,510.parest,1.0,1000
Graphene1000,510.parest,1.0,1000
Graphene500,510.parest,1.0,500
Graphene250,510.parest,1.0,250
Graphene125,510.parest,1.0,125
Hydra1000,510.parest,1.0,1000
Hydra500,510.parest,1.0,500
Hydra250,510.parest,1.0,250
Hydra125,510.parest,1.0,125
REGA1000,510.parest,1.0,1000
REGA500,510.parest,1.0001072515296563,500
REGA250,510.parest,0.9996802299423077,250
REGA125,510.parest,0.9989975405950621,125
PARA1000,510.parest,0.9995922420396695,1000
PARA500,510.parest,0.9990355859662267,500
PARA250,510.parest,0.9982293098258321,250
PARA125,510.parest,0.9948659677142864,125
Baseline0,500.perlbench,1.0,0
CoMeT125,500.perlbench,0.9993972720880673,125
CoMeT250,500.perlbench,1.0,250
CoMeT500,500.perlbench,1.0,500
CoMeT1000,500.perlbench,1.0,1000
Graphene1000,500.perlbench,1.0,1000
Graphene500,500.perlbench,1.0,500
Graphene250,500.perlbench,1.0,250
Graphene125,500.perlbench,0.9991707163924101,125
Hydra1000,500.perlbench,1.0,1000
Hydra500,500.perlbench,1.0,500
Hydra250,500.perlbench,0.998980784766911,250
Hydra125,500.perlbench,0.9850011530460056,125
REGA1000,500.perlbench,1.0,1000
REGA500,500.perlbench,0.9978392740972413,500
REGA250,500.perlbench,0.9885946731598817,250
REGA125,500.perlbench,0.9591778515242372,125
PARA1000,500.perlbench,0.9782870545013022,1000
PARA500,500.perlbench,0.955563095071245,500
PARA250,500.perlbench,0.9075829629622785,250
PARA125,500.perlbench,0.7983632546052657,125
Baseline0,519.lbm,1.0,0
CoMeT125,519.lbm,0.888971441978847,125
CoMeT250,519.lbm,0.9413391787325189,250
CoMeT500,519.lbm,0.9709081970538191,500
CoMeT1000,519.lbm,0.9893098445419413,1000
Graphene1000,519.lbm,0.993648407592897,1000
Graphene500,519.lbm,0.9825400267681679,500
Graphene250,519.lbm,0.9602835490244466,250
Graphene125,519.lbm,0.918331949801444,125
Hydra1000,519.lbm,0.9634730628687583,1000
Hydra500,519.lbm,0.9494465760465125,500
Hydra250,519.lbm,0.9323564124109717,250
Hydra125,519.lbm,0.9048613430950185,125
REGA1000,519.lbm,1.0,1000
REGA500,519.lbm,0.9384853809400483,500
REGA250,519.lbm,0.7641436311707425,250
REGA125,519.lbm,0.528838922088015,125
PARA1000,519.lbm,0.8738011314547733,1000
PARA500,519.lbm,0.7679115783187446,500
PARA250,519.lbm,0.5972350315133135,250
PARA125,519.lbm,0.35649356318193987,125
Baseline0,ycsb_cserver,1.0,0
CoMeT125,ycsb_cserver,1.0,125
CoMeT250,ycsb_cserver,1.0,250
CoMeT500,ycsb_cserver,1.0,500
CoMeT1000,ycsb_cserver,1.0,1000
Graphene1000,ycsb_cserver,1.0,1000
Graphene500,ycsb_cserver,1.0,500
Graphene250,ycsb_cserver,1.0,250
Graphene125,ycsb_cserver,1.0,125
Hydra1000,ycsb_cserver,1.0,1000
Hydra500,ycsb_cserver,1.0,500
Hydra250,ycsb_cserver,0.9984809613763652,250
Hydra125,ycsb_cserver,0.9810206797982265,125
REGA1000,ycsb_cserver,1.0,1000
REGA500,ycsb_cserver,0.9964256689285479,500
REGA250,ycsb_cserver,0.9833228555173666,250
REGA125,ycsb_cserver,0.9424713853267743,125
PARA1000,ycsb_cserver,0.9693711095369352,1000
PARA500,ycsb_cserver,0.938925975366506,500
PARA250,ycsb_cserver,0.8754565558367148,250
PARA125,ycsb_cserver,0.7394497700456866,125
Baseline0,483.xalancbmk,1.0,0
CoMeT125,483.xalancbmk,0.9998699279805716,125
CoMeT250,483.xalancbmk,1.0,250
CoMeT500,483.xalancbmk,1.0,500
CoMeT1000,483.xalancbmk,1.0,1000
Graphene1000,483.xalancbmk,1.0,1000
Graphene500,483.xalancbmk,1.0,500
Graphene250,483.xalancbmk,1.0,250
Graphene125,483.xalancbmk,1.0,125
Hydra1000,483.xalancbmk,1.0,1000
Hydra500,483.xalancbmk,1.0,500
Hydra250,483.xalancbmk,1.0,250
Hydra125,483.xalancbmk,0.9996789755481549,125
REGA1000,483.xalancbmk,1.0,1000
REGA500,483.xalancbmk,0.9975982705851378,500
REGA250,483.xalancbmk,0.9925032771980001,250
REGA125,483.xalancbmk,0.9781587747352618,125
PARA1000,483.xalancbmk,0.9963425085942457,1000
PARA500,483.xalancbmk,0.9926776853775132,500
PARA250,483.xalancbmk,0.9838193952689854,250
PARA125,483.xalancbmk,0.9582561455333062,125
Baseline0,433.milc,1.0,0
CoMeT125,433.milc,0.9490416030000249,125
CoMeT250,433.milc,0.9795860793119219,250
CoMeT500,433.milc,0.9961384694674167,500
CoMeT1000,433.milc,0.9998369448844818,1000
Graphene1000,433.milc,0.999460434603325,1000
Graphene500,433.milc,0.9969997815870494,500
Graphene250,433.milc,0.9911299169640319,250
Graphene125,433.milc,0.9706464965812505,125
Hydra1000,433.milc,0.9916320436690589,1000
Hydra500,433.milc,0.9754216367723818,500
Hydra250,433.milc,0.9558292276156873,250
Hydra125,433.milc,0.9285206760376247,125
REGA1000,433.milc,1.0,1000
REGA500,433.milc,0.973998617844249,500
REGA250,433.milc,0.872253140776817,250
REGA125,433.milc,0.6308894321248912,125
PARA1000,433.milc,0.9385823235597924,1000
PARA500,433.milc,0.8795930867756607,500
PARA250,433.milc,0.7652189113319411,250
PARA125,433.milc,0.5447238387966209,125
Baseline0,541.leela,1.0,0
CoMeT125,541.leela,1.0,125
CoMeT250,541.leela,1.0,250
CoMeT500,541.leela,1.0,500
CoMeT1000,541.leela,1.0,1000
Graphene1000,541.leela,1.0,1000
Graphene500,541.leela,1.0,500
Graphene250,541.leela,1.0,250
Graphene125,541.leela,1.0,125
Hydra1000,541.leela,1.0,1000
Hydra500,541.leela,1.0,500
Hydra250,541.leela,1.0,250
Hydra125,541.leela,1.0,125
REGA1000,541.leela,1.0,1000
REGA500,541.leela,0.9999986103768239,500
REGA250,541.leela,0.9999937930463814,250
REGA125,541.leela,1.00007865896781,125
PARA1000,541.leela,0.9999208902694123,1000
PARA500,541.leela,0.9998595749444724,500
PARA250,541.leela,0.9998732822496535,250
PARA125,541.leela,0.9994891569795694,125
Baseline0,tpch2,1.0,0
CoMeT125,tpch2,0.878112257575644,125
CoMeT250,tpch2,0.9593168518710041,250
CoMeT500,tpch2,0.9913257764702902,500
CoMeT1000,tpch2,1.0,1000
Graphene1000,tpch2,1.0,1000
Graphene500,tpch2,0.9966154140024316,500
Graphene250,tpch2,0.9815675810800665,250
Graphene125,tpch2,0.9565791390699871,125
Hydra1000,tpch2,0.9924974751718897,1000
Hydra500,tpch2,0.9592522414652277,500
Hydra250,tpch2,0.9258307205794268,250
Hydra125,tpch2,0.8999485095844518,125
REGA1000,tpch2,1.0,1000
REGA500,tpch2,0.9811779852012735,500
REGA250,tpch2,0.9039465435215881,250
REGA125,tpch2,0.7358645965107321,125
PARA1000,tpch2,0.9192400226685522,1000
PARA500,tpch2,0.8456439540656385,500
PARA250,tpch2,0.7128114808941538,250
PARA125,tpch2,0.4801565676234264,125
Baseline0,437.leslie3d,1.0,0
CoMeT125,437.leslie3d,0.8761298252944861,125
CoMeT250,437.leslie3d,0.939668339943096,250
CoMeT500,437.leslie3d,0.98127912852618,500
CoMeT1000,437.leslie3d,0.9958661247987853,1000
Graphene1000,437.leslie3d,0.9980326058617024,1000
Graphene500,437.leslie3d,0.9885523944792967,500
Graphene250,437.leslie3d,0.9723731249832706,250
Graphene125,437.leslie3d,0.9398054269049544,125
Hydra1000,437.leslie3d,0.9740931067926978,1000
Hydra500,437.leslie3d,0.9502862165778204,500
Hydra250,437.leslie3d,0.9225493801647308,250
Hydra125,437.leslie3d,0.8471133764578077,125
REGA1000,437.leslie3d,1.0,1000
REGA500,437.leslie3d,0.9660636181674177,500
REGA250,437.leslie3d,0.8638469428383776,250
REGA125,437.leslie3d,0.6734106861005212,125
PARA1000,437.leslie3d,0.8984656541603635,1000
PARA500,437.leslie3d,0.8100478694360279,500
PARA250,437.leslie3d,0.6612325157502473,250
PARA125,437.leslie3d,0.4262428297696893,125
Baseline0,458.sjeng,1.0,0
CoMeT125,458.sjeng,1.0,125
CoMeT250,458.sjeng,1.0,250
CoMeT500,458.sjeng,1.0,500
CoMeT1000,458.sjeng,1.0,1000
Graphene1000,458.sjeng,1.0,1000
Graphene500,458.sjeng,1.0,500
Graphene250,458.sjeng,1.0,250
Graphene125,458.sjeng,1.0,125
Hydra1000,458.sjeng,1.0,1000
Hydra500,458.sjeng,1.0,500
Hydra250,458.sjeng,1.0,250
Hydra125,458.sjeng,1.0,125
REGA1000,458.sjeng,1.0,1000
REGA500,458.sjeng,0.9990531295377983,500
REGA250,458.sjeng,0.9979606984982017,250
REGA125,458.sjeng,0.9940222823818249,125
PARA1000,458.sjeng,0.9965567432073345,1000
PARA500,458.sjeng,0.9931371170828905,500
PARA250,458.sjeng,0.9867120608197099,250
PARA125,458.sjeng,0.9676052747089777,125
Baseline0,471.omnetpp,1.0,0
CoMeT125,471.omnetpp,1.0,125
CoMeT250,471.omnetpp,1.0,250
CoMeT500,471.omnetpp,1.0,500
CoMeT1000,471.omnetpp,1.0,1000
Graphene1000,471.omnetpp,1.0,1000
Graphene500,471.omnetpp,1.0,500
Graphene250,471.omnetpp,1.0,250
Graphene125,471.omnetpp,1.0,125
Hydra1000,471.omnetpp,1.0,1000
Hydra500,471.omnetpp,1.0,500
Hydra250,471.omnetpp,1.0,250
Hydra125,471.omnetpp,1.0,125
REGA1000,471.omnetpp,1.0,1000
REGA500,471.omnetpp,1.0,500
REGA250,471.omnetpp,0.9991219714981004,250
REGA125,471.omnetpp,0.9970690421153482,125
PARA1000,471.omnetpp,0.9993281417456419,1000
PARA500,471.omnetpp,0.9989278491074076,500
PARA250,471.omnetpp,0.9974396441095533,250
PARA125,471.omnetpp,0.9924977587082948,125
Baseline0,507.cactuBSSN,1.0,0
CoMeT125,507.cactuBSSN,0.998727074020101,125
CoMeT250,507.cactuBSSN,1.0,250
CoMeT500,507.cactuBSSN,1.0,500
CoMeT1000,507.cactuBSSN,1.0,1000
Graphene1000,507.cactuBSSN,1.0,1000
Graphene500,507.cactuBSSN,1.0,500
Graphene250,507.cactuBSSN,1.0,250
Graphene125,507.cactuBSSN,0.9999919568277611,125
Hydra1000,507.cactuBSSN,1.0,1000
Hydra500,507.cactuBSSN,1.0,500
Hydra250,507.cactuBSSN,0.9996199187707939,250
Hydra125,507.cactuBSSN,0.9952844486897376,125
REGA1000,507.cactuBSSN,1.0,1000
REGA500,507.cactuBSSN,0.999062441265607,500
REGA250,507.cactuBSSN,0.9878048947846815,250
REGA125,507.cactuBSSN,0.961606956339292,125
PARA1000,507.cactuBSSN,0.9938693847568603,1000
PARA500,507.cactuBSSN,0.9870978927031241,500
PARA250,507.cactuBSSN,0.9728703363093292,250
PARA125,507.cactuBSSN,0.928003188684675,125
Baseline0,436.cactusADM,1.0,0
CoMeT125,436.cactusADM,0.9688259127002181,125
CoMeT250,436.cactusADM,0.9864903958045996,250
CoMeT500,436.cactusADM,0.9972901492885994,500
CoMeT1000,436.cactusADM,1.0,1000
Graphene1000,436.cactusADM,0.9999396762179247,1000
Graphene500,436.cactusADM,0.9988845538978348,500
Graphene250,436.cactusADM,0.988750752723734,250
Graphene125,436.cactusADM,0.9756340143950777,125
Hydra1000,436.cactusADM,0.9971019219349839,1000
Hydra500,436.cactusADM,0.9844882779471475,500
Hydra250,436.cactusADM,0.9650474119947092,250
Hydra125,436.cactusADM,0.955184218332813,125
REGA1000,436.cactusADM,1.0,1000
REGA500,436.cactusADM,0.9908317274746207,500
REGA250,436.cactusADM,0.9527135021251316,250
REGA125,436.cactusADM,0.848003317298232,125
PARA1000,436.cactusADM,0.9572735087074947,1000
PARA500,436.cactusADM,0.9147094250896562,500
PARA250,436.cactusADM,0.8280327637962531,250
PARA125,436.cactusADM,0.6431772078978695,125
Baseline0,538.imagick,1.0,0
CoMeT125,538.imagick,1.0,125
CoMeT250,538.imagick,1.0,250
CoMeT500,538.imagick,1.0,500
CoMeT1000,538.imagick,1.0,1000
Graphene1000,538.imagick,1.0,1000
Graphene500,538.imagick,1.0,500
Graphene250,538.imagick,1.0,250
Graphene125,538.imagick,1.0,125
Hydra1000,538.imagick,1.0,1000
Hydra500,538.imagick,1.0,500
Hydra250,538.imagick,1.0,250
Hydra125,538.imagick,1.0,125
REGA1000,538.imagick,1.0,1000
REGA500,538.imagick,1.0,500
REGA250,538.imagick,1.0,250
REGA125,538.imagick,1.0,125
PARA1000,538.imagick,1.0,1000
PARA500,538.imagick,1.0,500
PARA250,538.imagick,1.0,250
PARA125,538.imagick,1.0,125
Baseline0,h264_encode,1.0,0
CoMeT125,h264_encode,1.0,125
CoMeT250,h264_encode,1.0,250
CoMeT500,h264_encode,1.0,500
CoMeT1000,h264_encode,1.0,1000
Graphene1000,h264_encode,1.0,1000
Graphene500,h264_encode,1.0,500
Graphene250,h264_encode,1.0,250
Graphene125,h264_encode,1.0,125
Hydra1000,h264_encode,1.0,1000
Hydra500,h264_encode,1.0,500
Hydra250,h264_encode,1.0,250
Hydra125,h264_encode,1.0,125
REGA1000,h264_encode,1.0,1000
REGA500,h264_encode,1.0000473863574677,500
REGA250,h264_encode,1.0000814793205484,250
REGA125,h264_encode,1.0000814793205484,125
PARA1000,h264_encode,1.0,1000
PARA500,h264_encode,1.0,500
PARA250,h264_encode,1.0,250
PARA125,h264_encode,1.0,125
Baseline0,526.blender,1.0,0
CoMeT125,526.blender,1.0,125
CoMeT250,526.blender,1.0,250
CoMeT500,526.blender,1.0,500
CoMeT1000,526.blender,1.0,1000
Graphene1000,526.blender,1.0,1000
Graphene500,526.blender,1.0,500
Graphene250,526.blender,1.0,250
Graphene125,526.blender,1.0,125
Hydra1000,526.blender,1.0,1000
Hydra500,526.blender,1.0,500
Hydra250,526.blender,1.0,250
Hydra125,526.blender,1.0,125
REGA1000,526.blender,1.0,1000
REGA500,526.blender,1.0002978830383407,500
REGA250,526.blender,0.9986231932068544,250
REGA125,526.blender,0.9949665857779277,125
PARA1000,526.blender,0.9986294980521992,1000
PARA500,526.blender,0.9971937731877841,500
PARA250,526.blender,0.9942378871578732,250
PARA125,526.blender,0.9844901601467303,125
Baseline0,wc_8443,1.0,0
CoMeT125,wc_8443,0.9630856016872655,125
CoMeT250,wc_8443,0.9829600912361193,250
CoMeT500,wc_8443,0.9943728473978853,500
CoMeT1000,wc_8443,1.0,1000
Graphene1000,wc_8443,0.999912396498867,1000
Graphene500,wc_8443,0.9922844369740053,500
Graphene250,wc_8443,0.9877732602079788,250
Graphene125,wc_8443,0.9703035685502601,125
Hydra1000,wc_8443,0.9903552267433952,1000
Hydra500,wc_8443,0.9781710413284431,500
Hydra250,wc_8443,0.9764214712146608,250
Hydra125,wc_8443,0.9667185353568716,125
REGA1000,wc_8443,1.0,1000
REGA500,wc_8443,0.9984466916185996,500
REGA250,wc_8443,0.9850373053476599,250
REGA125,wc_8443,0.9369225336714547,125
PARA1000,wc_8443,0.9526497649936013,1000
PARA500,wc_8443,0.9059159639616665,500
PARA250,wc_8443,0.8136238490730278,250
PARA125,wc_8443,0.6251903128835735,125
Baseline0,429.mcf,1.0,0
CoMeT125,429.mcf,0.8544931583493254,125
CoMeT250,429.mcf,0.9204962242105927,250
CoMeT500,429.mcf,0.9587990355147733,500
CoMeT1000,429.mcf,0.9797457213164935,1000
Graphene1000,429.mcf,0.9865215457527912,1000
Graphene500,429.mcf,0.9702100965691876,500
Graphene250,429.mcf,0.9401623730377652,250
Graphene125,429.mcf,0.8854937714452059,125
Hydra1000,429.mcf,0.9708375583476753,1000
Hydra500,429.mcf,0.9121701002854654,500
Hydra250,429.mcf,0.6704354875527988,250
Hydra125,429.mcf,0.48756658126862834,125
REGA1000,429.mcf,1.0,1000
REGA500,429.mcf,0.8966663327287342,500
REGA250,429.mcf,0.690396602130467,250
REGA125,429.mcf,0.4548806224765193,125
PARA1000,429.mcf,0.8358853810744097,1000
PARA500,429.mcf,0.7162268363582118,500
PARA250,429.mcf,0.5419961502517009,250
PARA125,429.mcf,0.3145588935933244,125
Baseline0,wc_map0,1.0,0
CoMeT125,wc_map0,0.9634786958469709,125
CoMeT250,wc_map0,0.9834341262113714,250
CoMeT500,wc_map0,0.9942357879458465,500
CoMeT1000,wc_map0,0.9994647066676609,1000
Graphene1000,wc_map0,0.9996218316848607,1000
Graphene500,wc_map0,0.9933426786799249,500
Graphene250,wc_map0,0.9878117562217094,250
Graphene125,wc_map0,0.9716375738821088,125
Hydra1000,wc_map0,0.9912705440942431,1000
Hydra500,wc_map0,0.979767197984105,500
Hydra250,wc_map0,0.9766154363809659,250
Hydra125,wc_map0,0.9669803504210344,125
REGA1000,wc_map0,1.0,1000
REGA500,wc_map0,0.9989236783341816,500
REGA250,wc_map0,0.9864107834898381,250
REGA125,wc_map0,0.9397511280108604,125
PARA1000,wc_map0,0.9534263049381436,1000
PARA500,wc_map0,0.9065808115321722,500
PARA250,wc_map0,0.8163095841085442,250
PARA125,wc_map0,0.6262508285339412,125
Baseline0,434.zeusmp,1.0,0
CoMeT125,434.zeusmp,0.9282292192033417,125
CoMeT250,434.zeusmp,0.967109475198503,250
CoMeT500,434.zeusmp,0.9940082631482885,500
CoMeT1000,434.zeusmp,0.9998525327213015,1000
Graphene1000,434.zeusmp,1.0,1000
Graphene500,434.zeusmp,0.9995628735044882,500
Graphene250,434.zeusmp,0.9823713603049643,250
Graphene125,434.zeusmp,0.9560172874959011,125
Hydra1000,434.zeusmp,0.985621963259983,1000
Hydra500,434.zeusmp,0.9616606559067787,500
Hydra250,434.zeusmp,0.9387013345999796,250
Hydra125,434.zeusmp,0.9215260906848729,125
REGA1000,434.zeusmp,1.0,1000
REGA500,434.zeusmp,0.9732926511864347,500
REGA250,434.zeusmp,0.8573072212868244,250
REGA125,434.zeusmp,0.6619718766857141,125
PARA1000,434.zeusmp,0.9237754104084728,1000
PARA500,434.zeusmp,0.8498314791681991,500
PARA250,434.zeusmp,0.7121116675955861,250
PARA125,434.zeusmp,0.47113399563905767,125
Baseline0,505.mcf,1.0,0
CoMeT125,505.mcf,0.9914183997269177,125
CoMeT250,505.mcf,0.9965668718827166,250
CoMeT500,505.mcf,0.9990965301403207,500
CoMeT1000,505.mcf,1.0,1000
Graphene1000,505.mcf,0.9999822172289529,1000
Graphene500,505.mcf,0.9988351445706458,500
Graphene250,505.mcf,0.9970310173590202,250
Graphene125,505.mcf,0.9931172602201532,125
Hydra1000,505.mcf,0.998106680622231,1000
Hydra500,505.mcf,0.9960040419517179,500
Hydra250,505.mcf,0.994118474704382,250
Hydra125,505.mcf,0.9902235359758844,125
REGA1000,505.mcf,1.0,1000
REGA500,505.mcf,0.9869193331003037,500
REGA250,505.mcf,0.9459418622966713,250
REGA125,505.mcf,0.8452125640646072,125
PARA1000,505.mcf,0.9764532865512853,1000
PARA500,505.mcf,0.952806752161975,500
PARA250,505.mcf,0.9006008307346616,250
PARA125,505.mcf,0.7744434231106422,125
Baseline0,525.x264,1.0,0
CoMeT125,525.x264,1.0,125
CoMeT250,525.x264,1.0,250
CoMeT500,525.x264,1.0,500
CoMeT1000,525.x264,1.0,1000
Graphene1000,525.x264,1.0,1000
Graphene500,525.x264,1.0,500
Graphene250,525.x264,1.0,250
Graphene125,525.x264,1.0,125
Hydra1000,525.x264,1.0,1000
Hydra500,525.x264,1.0,500
Hydra250,525.x264,1.0,250
Hydra125,525.x264,1.0,125
REGA1000,525.x264,1.0,1000
REGA500,525.x264,0.9993965531143345,500
REGA250,525.x264,0.9985250698941033,250
REGA125,525.x264,0.9952758372250973,125
PARA1000,525.x264,0.999065408917046,1000
PARA500,525.x264,0.9979972767463964,500
PARA250,525.x264,0.996543847828858,250
PARA125,525.x264,0.9907349377542353,125
Baseline0,jp2_decode,1.0,0
CoMeT125,jp2_decode,0.9710240734848703,125
CoMeT250,jp2_decode,0.9853102764584466,250
CoMeT500,jp2_decode,0.994259029800623,500
CoMeT1000,jp2_decode,0.997252103395951,1000
Graphene1000,jp2_decode,0.998106118036491,1000
Graphene500,jp2_decode,0.9955423237892465,500
Graphene250,jp2_decode,0.9896009622157953,250
Graphene125,jp2_decode,0.9787123197265435,125
Hydra1000,jp2_decode,0.9944222626813757,1000
Hydra500,jp2_decode,0.9924288328861643,500
Hydra250,jp2_decode,0.9866496490542228,250
Hydra125,jp2_decode,0.9770654692725095,125
REGA1000,jp2_decode,1.0,1000
REGA500,jp2_decode,0.9911529515550268,500
REGA250,jp2_decode,0.9567450349677915,250
REGA125,jp2_decode,0.8786296531617337,125
PARA1000,jp2_decode,0.9632918470673011,1000
PARA500,jp2_decode,0.927219423947192,500
PARA250,jp2_decode,0.8510078179953311,250
PARA125,jp2_decode,0.6784620005080854,125
Baseline0,481.wrf,1.0,0
CoMeT125,481.wrf,1.0,125
CoMeT250,481.wrf,1.0,250
CoMeT500,481.wrf,1.0,500
CoMeT1000,481.wrf,1.0,1000
Graphene1000,481.wrf,1.0,1000
Graphene500,481.wrf,1.0,500
Graphene250,481.wrf,1.0,250
Graphene125,481.wrf,1.0,125
Hydra1000,481.wrf,1.0,1000
Hydra500,481.wrf,1.0,500
Hydra250,481.wrf,1.0,250
Hydra125,481.wrf,1.0,125
REGA1000,481.wrf,1.0,1000
REGA500,481.wrf,1.0000013859365964,500
REGA250,481.wrf,1.000022373446038,250
REGA125,481.wrf,1.000024551445584,125
PARA1000,481.wrf,0.999914079433089,1000
PARA500,481.wrf,0.9998726092356502,500
PARA250,481.wrf,0.9997348618171841,250
PARA125,481.wrf,0.9992521549659156,125
Baseline0,bfs_cm2003,1.0,0
CoMeT125,bfs_cm2003,0.8129683732250439,125
CoMeT250,bfs_cm2003,0.872019998432527,250
CoMeT500,bfs_cm2003,0.9149917336850095,500
CoMeT1000,bfs_cm2003,0.9916102970452401,1000
Graphene1000,bfs_cm2003,1.0,1000
Graphene500,bfs_cm2003,0.9760489937511435,500
Graphene250,bfs_cm2003,0.9521850532132139,250
Graphene125,bfs_cm2003,0.8883654397078754,125
Hydra1000,bfs_cm2003,0.9181028381023929,1000
Hydra500,bfs_cm2003,0.8984808021413255,500
Hydra250,bfs_cm2003,0.8845947886814374,250
Hydra125,bfs_cm2003,0.8455964225100258,125
REGA1000,bfs_cm2003,1.0,1000
REGA500,bfs_cm2003,0.9975999250988705,500
REGA250,bfs_cm2003,0.8862488554670592,250
REGA125,bfs_cm2003,0.5952568604189279,125
PARA1000,bfs_cm2003,0.771118126280481,1000
PARA500,bfs_cm2003,0.6321028661756052,500
PARA250,bfs_cm2003,0.4470474470659716,250
PARA125,bfs_cm2003,0.2332279854777291,125
Baseline0,523.xalancbmk,1.0,0
CoMeT125,523.xalancbmk,1.0,125
CoMeT250,523.xalancbmk,1.0,250
CoMeT500,523.xalancbmk,1.0,500
CoMeT1000,523.xalancbmk,1.0,1000
Graphene1000,523.xalancbmk,1.0,1000
Graphene500,523.xalancbmk,1.0,500
Graphene250,523.xalancbmk,1.0,250
Graphene125,523.xalancbmk,1.0,125
Hydra1000,523.xalancbmk,1.0,1000
Hydra500,523.xalancbmk,1.0,500
Hydra250,523.xalancbmk,1.0,250
Hydra125,523.xalancbmk,1.0,125
REGA1000,523.xalancbmk,1.0,1000
REGA500,523.xalancbmk,1.0000005116848498,500
REGA250,523.xalancbmk,0.9998589411497069,250
REGA125,523.xalancbmk,0.9980212186582127,125
PARA1000,523.xalancbmk,0.9971300346008131,1000
PARA500,523.xalancbmk,0.9952606126845953,500
PARA250,523.xalancbmk,0.9920971204466869,250
PARA125,523.xalancbmk,0.9774707269711991,125
Baseline0,bfs_ny,1.0,0
CoMeT125,bfs_ny,0.8125364419443477,125
CoMeT250,bfs_ny,0.8722106011268512,250
CoMeT500,bfs_ny,0.9152985825422787,500
CoMeT1000,bfs_ny,0.9915309033899385,1000
Graphene1000,bfs_ny,1.0,1000
Graphene500,bfs_ny,0.9761045100421071,500
Graphene250,bfs_ny,0.9521448322168627,250
Graphene125,bfs_ny,0.8885117269799218,125
Hydra1000,bfs_ny,0.9182151354388388,1000
Hydra500,bfs_ny,0.8981140235533104,500
Hydra250,bfs_ny,0.8845659718777386,250
Hydra125,bfs_ny,0.8457143482561645,125
REGA1000,bfs_ny,1.0,1000
REGA500,bfs_ny,0.9975827171024628,500
REGA250,bfs_ny,0.886386421063166,250
REGA125,bfs_ny,0.5953359948064735,125
PARA1000,bfs_ny,0.7711835553170563,1000
PARA500,bfs_ny,0.6321877666865618,500
PARA250,bfs_ny,0.447085782824306,250
PARA125,bfs_ny,0.23313304458925418,125
Baseline0,h264_decode,1.0,0
CoMeT125,h264_decode,0.804860317736469,125
CoMeT250,h264_decode,0.8910181879081346,250
CoMeT500,h264_decode,0.9443295113999844,500
CoMeT1000,h264_decode,0.9735123645867985,1000
Graphene1000,h264_decode,0.9802077987851403,1000
Graphene500,h264_decode,0.9583404157638099,500
Graphene250,h264_decode,0.9156434349749919,250
Graphene125,h264_decode,0.8428828187008127,125
Hydra1000,h264_decode,0.9858920146022498,1000
Hydra500,h264_decode,0.9700597375298834,500
Hydra250,h264_decode,0.9398958965483856,250
Hydra125,h264_decode,0.8857770912567889,125
REGA1000,h264_decode,1.0,1000
REGA500,h264_decode,1.0016298632069314,500
REGA250,h264_decode,0.9043634518235671,250
REGA125,h264_decode,0.6153121433211628,125
PARA1000,h264_decode,0.7864274903499381,1000
PARA500,h264_decode,0.651803709235626,500
PARA250,h264_decode,0.46776207309442697,250
PARA125,h264_decode,0.24779239782521284,125
Baseline0,ycsb_abgsave,1.0,0
CoMeT125,ycsb_abgsave,1.0,125
CoMeT250,ycsb_abgsave,1.0,250
CoMeT500,ycsb_abgsave,1.0,500
CoMeT1000,ycsb_abgsave,1.0,1000
Graphene1000,ycsb_abgsave,1.0,1000
Graphene500,ycsb_abgsave,1.0,500
Graphene250,ycsb_abgsave,1.0,250
Graphene125,ycsb_abgsave,1.0,125
Hydra1000,ycsb_abgsave,1.0,1000
Hydra500,ycsb_abgsave,1.0,500
Hydra250,ycsb_abgsave,1.0,250
Hydra125,ycsb_abgsave,1.0,125
REGA1000,ycsb_abgsave,1.0,1000
REGA500,ycsb_abgsave,0.9995781793050023,500
REGA250,ycsb_abgsave,0.9968326160392053,250
REGA125,ycsb_abgsave,0.9890577976913348,125
PARA1000,ycsb_abgsave,0.9936940798704743,1000
PARA500,ycsb_abgsave,0.9863916605029214,500
PARA250,ycsb_abgsave,0.9730004821506094,250
PARA125,ycsb_abgsave,0.9332474440221793,125
Baseline0,tpch17,1.0,0
CoMeT125,tpch17,0.9476419601567007,125
CoMeT250,tpch17,0.981611688940665,250
CoMeT500,tpch17,0.9942331321791101,500
CoMeT1000,tpch17,0.9995724642005571,1000
Graphene1000,tpch17,1.0,1000
Graphene500,tpch17,0.9973601012794644,500
Graphene250,tpch17,0.9878056652048811,250
Graphene125,tpch17,0.9700479909826741,125
Hydra1000,tpch17,0.9954477919750924,1000
Hydra500,tpch17,0.9701973186829241,500
Hydra250,tpch17,0.9538573643147299,250
Hydra125,tpch17,0.9323496336769208,125
REGA1000,tpch17,1.0,1000
REGA500,tpch17,0.9903123694507141,500
REGA250,tpch17,0.9484143020904502,250
REGA125,tpch17,0.843488014026769,125
PARA1000,tpch17,0.941213377048368,1000
PARA500,tpch17,0.8853217400209604,500
PARA250,tpch17,0.777817598931375,250
PARA125,tpch17,0.5720974708785359,125
Baseline0,401.bzip2,1.0,0
CoMeT125,401.bzip2,1.0,125
CoMeT250,401.bzip2,1.0,250
CoMeT500,401.bzip2,1.0,500
CoMeT1000,401.bzip2,1.0,1000
Graphene1000,401.bzip2,1.0,1000
Graphene500,401.bzip2,1.0,500
Graphene250,401.bzip2,1.0,250
Graphene125,401.bzip2,1.0,125
Hydra1000,401.bzip2,1.0,1000
Hydra500,401.bzip2,1.0,500
Hydra250,401.bzip2,1.0,250
Hydra125,401.bzip2,1.0,125
REGA1000,401.bzip2,1.0,1000
REGA500,401.bzip2,1.0000010145017866,500
REGA250,401.bzip2,0.9999957575602858,250
REGA125,401.bzip2,0.9996942676361936,125
PARA1000,401.bzip2,0.999691686856076,1000
PARA500,401.bzip2,0.9991168737596473,500
PARA250,401.bzip2,0.998279604755811,250
PARA125,401.bzip2,0.9960908833247732,125
Baseline0,557.xz,1.0,0
CoMeT125,557.xz,0.9929235687334991,125
CoMeT250,557.xz,0.9996042198134232,250
CoMeT500,557.xz,1.0,500
CoMeT1000,557.xz,1.0,1000
Graphene1000,557.xz,1.0,1000
Graphene500,557.xz,1.0,500
Graphene250,557.xz,1.0,250
Graphene125,557.xz,0.9950579483556928,125
Hydra1000,557.xz,1.0,1000
Hydra500,557.xz,0.9994685596394738,500
Hydra250,557.xz,0.9883623487357756,250
Hydra125,557.xz,0.9496069980441698,125
REGA1000,557.xz,1.0,1000
REGA500,557.xz,0.9889522224770726,500
REGA250,557.xz,0.9515084748928795,250
REGA125,557.xz,0.861724665208428,125
PARA1000,557.xz,0.9682797967070976,1000
PARA500,557.xz,0.9360462980185968,500
PARA250,557.xz,0.8679607206333892,250
PARA125,557.xz,0.7120784562969286,125
Baseline0,GeoMean,1.0,0
CoMeT1000,GeoMean,0.9980962098580229,1000
CoMeT125,GeoMean,0.9598583288113162,125
CoMeT250,GeoMean,0.9813122431167249,250
CoMeT500,GeoMean,0.9913566616665903,500
Graphene1000,GeoMean,0.998991330867352,1000
Graphene125,GeoMean,0.9769581108983055,125
Graphene250,GeoMean,0.9901976739434055,250
Graphene500,GeoMean,0.9959239840782375,500
Hydra1000,GeoMean,0.9914403903201989,1000
Hydra125,GeoMean,0.9433539001354494,125
Hydra250,GeoMean,0.9685873451203312,250
Hydra500,GeoMean,0.9840238160028554,500
PARA1000,GeoMean,0.9543573037133872,1000
PARA125,GeoMean,0.6971219968360639,125
PARA250,GeoMean,0.8409350677379305,250
PARA500,GeoMean,0.9145840291431382,500
REGA1000,GeoMean,1.0,1000
REGA125,GeoMean,0.858401167894915,125
REGA250,GeoMean,0.9504546532698352,250
REGA500,GeoMean,0.9902396613954443,500
